"",2003,0
ALABAMA,1950,27500
ALABAMA,1951,35000
ALABAMA,1952,5452500
ALABAMA,1953,3070000
ALABAMA,1954,607530
ALABAMA,1955,7580000
ALABAMA,1956,2553250
ALABAMA,1957,7223280
ALABAMA,1958,2060000
ALABAMA,1959,330500
ALABAMA,1960,557500
ALABAMA,1961,2535000
ALABAMA,1962,927500
ALABAMA,1963,9228000
ALABAMA,1964,2157500
ALABAMA,1965,1352500
ALABAMA,1966,1127500
ALABAMA,1967,12752750
ALABAMA,1968,7277750
ALABAMA,1969,1630280
ALABAMA,1970,1175500
ALABAMA,1971,1652750
ALABAMA,1972,1907500
ALABAMA,1973,227035250
ALABAMA,1974,139518500
ALABAMA,1975,34905280
ALABAMA,1976,10332750
ALABAMA,1977,28135000
ALABAMA,1978,6452500
ALABAMA,1979,6710250
ALABAMA,1980,4635250
ALABAMA,1981,30355530
ALABAMA,1982,3912780
ALABAMA,1983,16092780
ALABAMA,1984,39258000
ALABAMA,1985,23213120
ALABAMA,1986,16828250
ALABAMA,1987,50030
ALABAMA,1988,31100000
ALABAMA,1989,521105000
ALABAMA,1990,17800000
ALABAMA,1991,3250000
ALABAMA,1992,21900000
ALABAMA,1993,500000
ALABAMA,1994,43066050
ALABAMA,1995,18776900
ALABAMA,1996,31193500
ALABAMA,1997,81929250
ALABAMA,1998,274093500
ALABAMA,1999,1581000
ALABAMA,2000,53379500
ALABAMA,2001,26758500
ALABAMA,2002,36757000
ALABAMA,2003,35065500
ALABAMA,2004,99294500
ALABAMA,2005,168288500
ALABAMA,2006,16581500
ALABAMA,2007,298819250
ALABAMA,2008,41885550
ALABAMA,2009,47436750
ALABAMA,2010,34548100
ALABAMA,2011,1875324849
ALABAMA,2012,7445050
ALABAMA,2013,8394450
ALABAMA,2014,38215160
ALABAMA,2015,14794500
ALABAMA,2016,4307700
ALABAMA,2017,31592800
ALABAMA,2018,8340450
ALABAMA,2019,981600
ALABAMA,2020,313390700
ALABAMA,2021,9084900
ALABAMA,2022,30969600
ALABAMA,2023,37766500
ALASKA,1993,500000
ALASKA,1996,11538000
ALASKA,1997,2092000
ALASKA,1998,2531000
ALASKA,1999,775000
ALASKA,2000,10090500
ALASKA,2001,3337100
ALASKA,2002,32545800
ALASKA,2003,21243000
ALASKA,2004,26731600
ALASKA,2005,8810800
ALASKA,2006,63594090
ALASKA,2007,4103060
ALASKA,2008,12171250
ALASKA,2009,31721600
ALASKA,2010,8824500
ALASKA,2011,28855500
ALASKA,2012,24145000
ALASKA,2013,30415600
ALASKA,2014,1471000
ALASKA,2015,26703800
ALASKA,2016,203000
ALASKA,2017,6525000
ALASKA,2018,3589000
ALASKA,2019,8545000
ALASKA,2020,35849000
ALASKA,2021,5855740
ALASKA,2022,18251800
ALASKA,2023,7060000
AMERICAN SAMOA,1998,0
AMERICAN SAMOA,1999,0
AMERICAN SAMOA,2000,590000
AMERICAN SAMOA,2001,270000
AMERICAN SAMOA,2002,50000
AMERICAN SAMOA,2003,53550000
AMERICAN SAMOA,2004,50020000
AMERICAN SAMOA,2005,7000
AMERICAN SAMOA,2006,254000
AMERICAN SAMOA,2007,250000
AMERICAN SAMOA,2008,0
AMERICAN SAMOA,2009,81000000
AMERICAN SAMOA,2010,120000
AMERICAN SAMOA,2011,0
AMERICAN SAMOA,2012,0
AMERICAN SAMOA,2013,0
AMERICAN SAMOA,2014,0
AMERICAN SAMOA,2015,13000000
AMERICAN SAMOA,2016,0
AMERICAN SAMOA,2017,447000
AMERICAN SAMOA,2018,50137000
AMERICAN SAMOA,2019,45000
AMERICAN SAMOA,2020,816000
AMERICAN SAMOA,2021,280000
AMERICAN SAMOA,2022,2330000
AMERICAN SAMOA,2023,852000
ARIZONA,1952,0
ARIZONA,1954,0
ARIZONA,1955,25000
ARIZONA,1956,250
ARIZONA,1957,27560
ARIZONA,1958,5060
ARIZONA,1959,275000
ARIZONA,1960,25000
ARIZONA,1961,525000
ARIZONA,1962,2750
ARIZONA,1963,0
ARIZONA,1964,25000
ARIZONA,1965,0
ARIZONA,1966,52500
ARIZONA,1967,75000
ARIZONA,1968,300000
ARIZONA,1969,275000
ARIZONA,1970,25000
ARIZONA,1971,2850000
ARIZONA,1972,30625180
ARIZONA,1973,0
ARIZONA,1974,280000
ARIZONA,1975,0
ARIZONA,1976,2500
ARIZONA,1977,0
ARIZONA,1978,0
ARIZONA,1979,25000
ARIZONA,1980,0
ARIZONA,1981,750000
ARIZONA,1982,30
ARIZONA,1983,552500
ARIZONA,1984,300000
ARIZONA,1985,25000
ARIZONA,1986,250000
ARIZONA,1987,2750
ARIZONA,1988,25000
ARIZONA,1989,25000
ARIZONA,1990,2500
ARIZONA,1991,250000
ARIZONA,1992,2652750
ARIZONA,1993,23320500
ARIZONA,1994,8310500
ARIZONA,1995,10099499
ARIZONA,1996,3418500
ARIZONA,1997,2198400
ARIZONA,1998,1496300
ARIZONA,1999,37409000
ARIZONA,2000,13060000
ARIZONA,2001,6667000
ARIZONA,2002,73653800
ARIZONA,2003,135439100
ARIZONA,2004,3059500
ARIZONA,2005,7290700
ARIZONA,2006,159398500
ARIZONA,2007,24459500
ARIZONA,2008,48804000
ARIZONA,2009,15428750
ARIZONA,2010,1060668300
ARIZONA,2011,106302500
ARIZONA,2012,21699000
ARIZONA,2013,154201200
ARIZONA,2014,28046500
ARIZONA,2015,10740500
ARIZONA,2016,6297000
ARIZONA,2017,11700300
ARIZONA,2018,67453000
ARIZONA,2019,15074500
ARIZONA,2020,3949350
ARIZONA,2021,105030050
ARIZONA,2022,44457300
ARIZONA,2023,19540750
ARKANSAS,1950,860030
ARKANSAS,1951,50000
ARKANSAS,1952,7235280
ARKANSAS,1953,1037500
ARKANSAS,1954,2177750
ARKANSAS,1955,3010500
ARKANSAS,1956,1205000
ARKANSAS,1957,1008500
ARKANSAS,1958,302560
ARKANSAS,1959,1600000
ARKANSAS,1960,8885250
ARKANSAS,1961,9380000
ARKANSAS,1962,325000
ARKANSAS,1963,25000
ARKANSAS,1964,1920000
ARKANSAS,1965,26945250
ARKANSAS,1966,507500
ARKANSAS,1967,7052500
ARKANSAS,1968,8420250
ARKANSAS,1969,27500
ARKANSAS,1970,6735000
ARKANSAS,1971,1877500
ARKANSAS,1972,5882530
ARKANSAS,1973,9903840
ARKANSAS,1974,26202500
ARKANSAS,1975,28630250
ARKANSAS,1976,29715500
ARKANSAS,1977,450500
ARKANSAS,1978,14458500
ARKANSAS,1979,48910500
ARKANSAS,1980,20125000
ARKANSAS,1981,1332500
ARKANSAS,1982,176945710
ARKANSAS,1983,4580530
ARKANSAS,1984,238205000
ARKANSAS,1985,53350060
ARKANSAS,1986,250000
ARKANSAS,1987,25250000
ARKANSAS,1988,148775000
ARKANSAS,1989,1350000
ARKANSAS,1990,775250
ARKANSAS,1991,3850500
ARKANSAS,1992,25550250
ARKANSAS,1993,62000000
ARKANSAS,1994,39205850
ARKANSAS,1995,4838250
ARKANSAS,1996,29327170
ARKANSAS,1997,284814210
ARKANSAS,1998,11005400
ARKANSAS,1999,927660
ARKANSAS,2000,536834410
ARKANSAS,2001,130450530
ARKANSAS,2002,20267880
ARKANSAS,2003,58572740
ARKANSAS,2004,25945790
ARKANSAS,2005,9594350
ARKANSAS,2006,60564070
ARKANSAS,2007,60288300
ARKANSAS,2008,729784700
ARKANSAS,2009,1116116850
ARKANSAS,2010,58087850
ARKANSAS,2011,518987500
ARKANSAS,2012,180559100
ARKANSAS,2013,72299100
ARKANSAS,2014,266334400
ARKANSAS,2015,18253000
ARKANSAS,2016,13382800
ARKANSAS,2017,37586000
ARKANSAS,2018,19823000
ARKANSAS,2019,24964500
ARKANSAS,2020,313809500
ARKANSAS,2021,31684500
ARKANSAS,2022,26316200
ARKANSAS,2023,169762000
ATLANTIC NORTH,2001,0
ATLANTIC NORTH,2002,0
ATLANTIC NORTH,2003,0
ATLANTIC NORTH,2004,0
ATLANTIC NORTH,2005,10000
ATLANTIC NORTH,2006,75000
ATLANTIC NORTH,2007,0
ATLANTIC NORTH,2008,181000
ATLANTIC NORTH,2009,5000
ATLANTIC NORTH,2010,12000
ATLANTIC NORTH,2011,1000
ATLANTIC NORTH,2012,9000
ATLANTIC NORTH,2013,5500
ATLANTIC NORTH,2014,6000
ATLANTIC NORTH,2015,1500
ATLANTIC NORTH,2016,0
ATLANTIC NORTH,2017,5010
ATLANTIC NORTH,2018,4000
ATLANTIC NORTH,2019,111000
ATLANTIC NORTH,2020,11000
ATLANTIC NORTH,2021,0
ATLANTIC NORTH,2022,20000
ATLANTIC NORTH,2023,10000
ATLANTIC SOUTH,1998,0
ATLANTIC SOUTH,2001,0
ATLANTIC SOUTH,2002,0
ATLANTIC SOUTH,2003,0
ATLANTIC SOUTH,2004,2000
ATLANTIC SOUTH,2005,0
ATLANTIC SOUTH,2006,501000
ATLANTIC SOUTH,2007,0
ATLANTIC SOUTH,2008,0
ATLANTIC SOUTH,2009,0
ATLANTIC SOUTH,2010,0
ATLANTIC SOUTH,2011,5150800
ATLANTIC SOUTH,2012,33000
ATLANTIC SOUTH,2013,4000
ATLANTIC SOUTH,2014,10100
ATLANTIC SOUTH,2015,2000
ATLANTIC SOUTH,2016,4000
ATLANTIC SOUTH,2017,500
ATLANTIC SOUTH,2018,0
ATLANTIC SOUTH,2019,10
ATLANTIC SOUTH,2020,0
ATLANTIC SOUTH,2021,0
ATLANTIC SOUTH,2022,5020
ATLANTIC SOUTH,2023,1000
CALIFORNIA,1951,2500000
CALIFORNIA,1952,0
CALIFORNIA,1953,5000
CALIFORNIA,1954,250
CALIFORNIA,1955,2500
CALIFORNIA,1956,50000
CALIFORNIA,1957,30
CALIFORNIA,1958,55500
CALIFORNIA,1959,2500
CALIFORNIA,1960,0
CALIFORNIA,1961,25000
CALIFORNIA,1962,30250
CALIFORNIA,1964,7750
CALIFORNIA,1965,25310
CALIFORNIA,1966,257500
CALIFORNIA,1967,7500
CALIFORNIA,1969,0
CALIFORNIA,1970,25000
CALIFORNIA,1971,0
CALIFORNIA,1972,0
CALIFORNIA,1973,25000
CALIFORNIA,1974,27530
CALIFORNIA,1975,30000
CALIFORNIA,1976,25000
CALIFORNIA,1977,5025000
CALIFORNIA,1978,3130090
CALIFORNIA,1979,2525030
CALIFORNIA,1980,3080000
CALIFORNIA,1981,30000
CALIFORNIA,1982,5110030
CALIFORNIA,1983,26030280
CALIFORNIA,1984,2530
CALIFORNIA,1985,252500
CALIFORNIA,1986,5280030
CALIFORNIA,1987,25500000
CALIFORNIA,1988,302750
CALIFORNIA,1989,2500
CALIFORNIA,1990,252500
CALIFORNIA,1991,750250
CALIFORNIA,1992,5888250
CALIFORNIA,1993,6316500
CALIFORNIA,1994,7211000
CALIFORNIA,1995,1292000
CALIFORNIA,1996,76795500
CALIFORNIA,1997,130984000
CALIFORNIA,1998,79192500
CALIFORNIA,1999,41498000
CALIFORNIA,2000,589892300
CALIFORNIA,2001,67917299
CALIFORNIA,2002,150815000
CALIFORNIA,2003,1171704830
CALIFORNIA,2004,54800600
CALIFORNIA,2005,399318750
CALIFORNIA,2006,587530500
CALIFORNIA,2007,1445817600
CALIFORNIA,2008,252035200
CALIFORNIA,2009,52464600
CALIFORNIA,2010,233083100
CALIFORNIA,2011,129351400
CALIFORNIA,2012,20684900
CALIFORNIA,2013,87660500
CALIFORNIA,2014,126831500
CALIFORNIA,2015,108526400
CALIFORNIA,2016,74157510
CALIFORNIA,2017,866948550
CALIFORNIA,2018,733667900
CALIFORNIA,2019,144124900
CALIFORNIA,2020,41491950
CALIFORNIA,2021,298259800
CALIFORNIA,2022,86163430
CALIFORNIA,2023,1047051560
COLORADO,1950,50000
COLORADO,1951,28310
COLORADO,1952,300000
COLORADO,1953,58090
COLORADO,1954,11000
COLORADO,1955,563310
COLORADO,1956,780
COLORADO,1957,20870
COLORADO,1958,45210
COLORADO,1959,25000
COLORADO,1960,308060
COLORADO,1961,80250
COLORADO,1962,9370
COLORADO,1963,5000
COLORADO,1964,2500
COLORADO,1965,188060
COLORADO,1966,2500
COLORADO,1967,555280
COLORADO,1968,55250
COLORADO,1969,55250
COLORADO,1970,27500
COLORADO,1971,2755500
COLORADO,1972,30250
COLORADO,1973,275000
COLORADO,1974,275000
COLORADO,1975,382500
COLORADO,1976,357500
COLORADO,1977,3502500
COLORADO,1978,290250
COLORADO,1979,2781280
COLORADO,1980,286000
COLORADO,1981,32530000
COLORADO,1982,39070
COLORADO,1983,286000
COLORADO,1984,400250
COLORADO,1985,630000
COLORADO,1986,5277500
COLORADO,1987,80000
COLORADO,1988,28882750
COLORADO,1989,580000
COLORADO,1990,26160000
COLORADO,1991,1350000
COLORADO,1992,382500
COLORADO,1993,52336000
COLORADO,1994,4917300
COLORADO,1995,637000
COLORADO,1996,23564800
COLORADO,1997,371171300
COLORADO,1998,94780800
COLORADO,1999,522000
COLORADO,2000,25630000
COLORADO,2001,108620250
COLORADO,2002,92841500
COLORADO,2003,103389500
COLORADO,2004,154600600
COLORADO,2005,6987300
COLORADO,2006,22056000
COLORADO,2007,10061950
COLORADO,2008,166232750
COLORADO,2009,606633900
COLORADO,2010,296553800
COLORADO,2011,175166600
COLORADO,2012,1162682750
COLORADO,2013,1003891750
COLORADO,2014,215290800
COLORADO,2015,8715100
COLORADO,2016,890200
COLORADO,2017,26483300
COLORADO,2018,669220000
COLORADO,2019,1420800
COLORADO,2020,295983730
COLORADO,2021,160438900
COLORADO,2022,925360
COLORADO,2023,42659620
CONNECTICUT,1950,252500
CONNECTICUT,1951,525000
CONNECTICUT,1954,27500
CONNECTICUT,1955,5000
CONNECTICUT,1956,250
CONNECTICUT,1957,250000
CONNECTICUT,1958,252530
CONNECTICUT,1959,5030
CONNECTICUT,1960,0
CONNECTICUT,1961,2500
CONNECTICUT,1962,5025000
CONNECTICUT,1963,2500
CONNECTICUT,1964,0
CONNECTICUT,1965,25000
CONNECTICUT,1966,25000
CONNECTICUT,1968,27500
CONNECTICUT,1969,0
CONNECTICUT,1970,25000
CONNECTICUT,1971,275000
CONNECTICUT,1972,277500
CONNECTICUT,1973,2530030
CONNECTICUT,1974,2750
CONNECTICUT,1975,2500
CONNECTICUT,1976,25000
CONNECTICUT,1977,0
CONNECTICUT,1978,0
CONNECTICUT,1979,250000000
CONNECTICUT,1980,0
CONNECTICUT,1981,0
CONNECTICUT,1982,2500
CONNECTICUT,1983,30
CONNECTICUT,1984,0
CONNECTICUT,1985,2500250
CONNECTICUT,1986,0
CONNECTICUT,1987,0
CONNECTICUT,1988,0
CONNECTICUT,1989,325000000
CONNECTICUT,1990,2500
CONNECTICUT,1991,0
CONNECTICUT,1992,250
CONNECTICUT,1993,0
CONNECTICUT,1994,705500
CONNECTICUT,1995,262000
CONNECTICUT,1996,12918000
CONNECTICUT,1997,2643000
CONNECTICUT,1998,290000
CONNECTICUT,1999,18000
CONNECTICUT,2000,6731000
CONNECTICUT,2001,7758000
CONNECTICUT,2002,2878000
CONNECTICUT,2003,591000
CONNECTICUT,2004,106000
CONNECTICUT,2005,6335000
CONNECTICUT,2006,2767500
CONNECTICUT,2007,2812000
CONNECTICUT,2008,1683700
CONNECTICUT,2009,2676500
CONNECTICUT,2010,22963600
CONNECTICUT,2011,88783750
CONNECTICUT,2012,7020500
CONNECTICUT,2013,5757500
CONNECTICUT,2014,514000
CONNECTICUT,2015,1501000
CONNECTICUT,2016,1749050
CONNECTICUT,2017,1444750
CONNECTICUT,2018,7944600
CONNECTICUT,2019,803000
CONNECTICUT,2020,56399000
CONNECTICUT,2021,7712810
CONNECTICUT,2022,185500
CONNECTICUT,2023,1960600
DELAWARE,1954,2500
DELAWARE,1955,2500
DELAWARE,1957,5000
DELAWARE,1958,2500
DELAWARE,1959,0
DELAWARE,1960,0
DELAWARE,1961,25000
DELAWARE,1962,50000
DELAWARE,1963,0
DELAWARE,1964,2500
DELAWARE,1965,0
DELAWARE,1966,0
DELAWARE,1967,255250
DELAWARE,1968,0
DELAWARE,1969,0
DELAWARE,1970,0
DELAWARE,1971,0
DELAWARE,1973,0
DELAWARE,1974,0
DELAWARE,1975,255000
DELAWARE,1976,250000
DELAWARE,1977,277500
DELAWARE,1978,0
DELAWARE,1979,500000
DELAWARE,1980,0
DELAWARE,1981,0
DELAWARE,1982,0
DELAWARE,1983,250000
DELAWARE,1984,525000
DELAWARE,1985,0
DELAWARE,1986,0
DELAWARE,1987,0
DELAWARE,1988,5000000
DELAWARE,1989,2750000
DELAWARE,1990,250000
DELAWARE,1991,250000
DELAWARE,1992,300000
DELAWARE,1993,246500
DELAWARE,1994,1000050
DELAWARE,1995,1001000
DELAWARE,1996,4300000
DELAWARE,1997,50000
DELAWARE,1998,2975000
DELAWARE,1999,0
DELAWARE,2000,166000
DELAWARE,2001,1628000
DELAWARE,2002,515000
DELAWARE,2003,50583200
DELAWARE,2004,2469000
DELAWARE,2005,235000
DELAWARE,2006,2293000
DELAWARE,2007,1078000
DELAWARE,2008,1456500
DELAWARE,2009,47033500
DELAWARE,2010,9644000
DELAWARE,2011,1360000
DELAWARE,2012,7425000
DELAWARE,2013,410000
DELAWARE,2014,415000
DELAWARE,2015,545500
DELAWARE,2016,35030
DELAWARE,2017,60
DELAWARE,2018,0
DELAWARE,2019,0
DELAWARE,2020,0
DELAWARE,2021,3600000
DELAWARE,2022,1000
DELAWARE,2023,30000
DISTRICT OF COLUMBIA,1975,0
DISTRICT OF COLUMBIA,1976,0
DISTRICT OF COLUMBIA,1978,0
DISTRICT OF COLUMBIA,1979,0
DISTRICT OF COLUMBIA,1980,0
DISTRICT OF COLUMBIA,1981,0
DISTRICT OF COLUMBIA,1982,0
DISTRICT OF COLUMBIA,1984,0
DISTRICT OF COLUMBIA,1985,0
DISTRICT OF COLUMBIA,1986,0
DISTRICT OF COLUMBIA,1987,0
DISTRICT OF COLUMBIA,1988,0
DISTRICT OF COLUMBIA,1989,0
DISTRICT OF COLUMBIA,1990,0
DISTRICT OF COLUMBIA,1991,0
DISTRICT OF COLUMBIA,1992,0
DISTRICT OF COLUMBIA,1993,56000
DISTRICT OF COLUMBIA,1996,10545000
DISTRICT OF COLUMBIA,1997,153000
DISTRICT OF COLUMBIA,1998,45000
DISTRICT OF COLUMBIA,1999,0
DISTRICT OF COLUMBIA,2000,1042500
DISTRICT OF COLUMBIA,2001,6049000
DISTRICT OF COLUMBIA,2002,587500
DISTRICT OF COLUMBIA,2003,125643100
DISTRICT OF COLUMBIA,2004,1000
DISTRICT OF COLUMBIA,2005,50000
DISTRICT OF COLUMBIA,2006,10552000
DISTRICT OF COLUMBIA,2007,18000
DISTRICT OF COLUMBIA,2008,78000
DISTRICT OF COLUMBIA,2009,0
DISTRICT OF COLUMBIA,2010,95000
DISTRICT OF COLUMBIA,2011,2412000
DISTRICT OF COLUMBIA,2012,78000
DISTRICT OF COLUMBIA,2013,2000
DISTRICT OF COLUMBIA,2014,6000
DISTRICT OF COLUMBIA,2015,13000
DISTRICT OF COLUMBIA,2016,0
DISTRICT OF COLUMBIA,2017,0
DISTRICT OF COLUMBIA,2018,3000
DISTRICT OF COLUMBIA,2019,500000
DISTRICT OF COLUMBIA,2020,562000
DISTRICT OF COLUMBIA,2021,742000
DISTRICT OF COLUMBIA,2022,257500
DISTRICT OF COLUMBIA,2023,25331000
E PACIFIC,2001,0
E PACIFIC,2002,0
E PACIFIC,2003,0
E PACIFIC,2004,0
E PACIFIC,2005,0
E PACIFIC,2006,7000
E PACIFIC,2007,0
E PACIFIC,2008,25000
E PACIFIC,2009,20000
E PACIFIC,2010,0
E PACIFIC,2011,25000
E PACIFIC,2012,10000
E PACIFIC,2013,0
E PACIFIC,2014,0
E PACIFIC,2015,15000
E PACIFIC,2016,0
E PACIFIC,2017,10
E PACIFIC,2018,100000
E PACIFIC,2019,0
E PACIFIC,2020,0
E PACIFIC,2021,0
E PACIFIC,2022,0
E PACIFIC,2023,0
FLORIDA,1950,82500
FLORIDA,1951,335250
FLORIDA,1952,92500
FLORIDA,1953,363930
FLORIDA,1954,110340
FLORIDA,1955,51280
FLORIDA,1956,3052780
FLORIDA,1957,90460
FLORIDA,1958,1165990
FLORIDA,1959,3306150
FLORIDA,1960,1900680
FLORIDA,1961,3190500
FLORIDA,1962,5385030
FLORIDA,1963,1583750
FLORIDA,1964,4162780
FLORIDA,1965,332560
FLORIDA,1966,75808500
FLORIDA,1967,8060280
FLORIDA,1968,10481370
FLORIDA,1969,1313840
FLORIDA,1970,3465120
FLORIDA,1971,3481900
FLORIDA,1972,9484050
FLORIDA,1973,20498530
FLORIDA,1974,18110750
FLORIDA,1975,12405750
FLORIDA,1976,6706280
FLORIDA,1977,1103250
FLORIDA,1978,19427780
FLORIDA,1979,42673090
FLORIDA,1980,36203000
FLORIDA,1981,9073250
FLORIDA,1982,12763340
FLORIDA,1983,99904150
FLORIDA,1984,5240280
FLORIDA,1985,34748500
FLORIDA,1986,9834530
FLORIDA,1987,4731280
FLORIDA,1988,32680750
FLORIDA,1989,35130750
FLORIDA,1990,1675620
FLORIDA,1991,9935000
FLORIDA,1992,31852530
FLORIDA,1993,185207500
FLORIDA,1994,62172200
FLORIDA,1995,20150150
FLORIDA,1996,98719150
FLORIDA,1997,74300670
FLORIDA,1998,1463181100
FLORIDA,1999,267307000
FLORIDA,2000,485773650
FLORIDA,2001,106534900
FLORIDA,2002,42965200
FLORIDA,2003,119151250
FLORIDA,2004,5827575499
FLORIDA,2005,574331500
FLORIDA,2006,32528700
FLORIDA,2007,276578260
FLORIDA,2008,305159290
FLORIDA,2009,94458900
FLORIDA,2010,15071100
FLORIDA,2011,18320300
FLORIDA,2012,128938850
FLORIDA,2013,64202000
FLORIDA,2014,210238290
FLORIDA,2015,26002900
FLORIDA,2016,1131700150
FLORIDA,2017,3922582960
FLORIDA,2018,4209301160
FLORIDA,2019,27582430
FLORIDA,2020,361297020
FLORIDA,2021,48854420
FLORIDA,2022,1804164990
FLORIDA,2023,113538400
GEORGIA,1950,32500
GEORGIA,1951,52500
GEORGIA,1952,3902500
GEORGIA,1953,51150000
GEORGIA,1954,35417500
GEORGIA,1955,5613250
GEORGIA,1956,3063180
GEORGIA,1957,1832530
GEORGIA,1958,790030
GEORGIA,1959,607750
GEORGIA,1960,310000
GEORGIA,1961,3753500
GEORGIA,1962,705000
GEORGIA,1963,7277500
GEORGIA,1964,9925000
GEORGIA,1965,437500
GEORGIA,1966,3965000
GEORGIA,1967,395250
GEORGIA,1968,575000
GEORGIA,1969,2985030
GEORGIA,1970,1082500
GEORGIA,1971,5187500
GEORGIA,1972,8072750
GEORGIA,1973,1310420250
GEORGIA,1974,35805000
GEORGIA,1975,280727500
GEORGIA,1976,2005280
GEORGIA,1977,4630250
GEORGIA,1978,13525000
GEORGIA,1979,8957750
GEORGIA,1980,24600250
GEORGIA,1981,3327500
GEORGIA,1982,8403000
GEORGIA,1983,6182620
GEORGIA,1984,12782750
GEORGIA,1985,13327500
GEORGIA,1986,31075000
GEORGIA,1987,75000
GEORGIA,1988,5250000
GEORGIA,1989,61780000
GEORGIA,1990,14802750
GEORGIA,1991,52355000
GEORGIA,1992,65582500
GEORGIA,1993,197978500
GEORGIA,1994,66551650
GEORGIA,1995,93086300
GEORGIA,1996,19150950
GEORGIA,1997,12400750
GEORGIA,1998,334548000
GEORGIA,1999,301000
GEORGIA,2000,112735640
GEORGIA,2001,17980250
GEORGIA,2002,54624600
GEORGIA,2003,50902350
GEORGIA,2004,110456850
GEORGIA,2005,125998700
GEORGIA,2006,44291850
GEORGIA,2007,217385650
GEORGIA,2008,319943750
GEORGIA,2009,399360819
GEORGIA,2010,31599270
GEORGIA,2011,294147700
GEORGIA,2012,60891750
GEORGIA,2013,151231220
GEORGIA,2014,9043410
GEORGIA,2015,33518170
GEORGIA,2016,35251210
GEORGIA,2017,449186129
GEORGIA,2018,1545984010
GEORGIA,2019,20947590
GEORGIA,2020,33951250
GEORGIA,2021,39121170
GEORGIA,2022,4252720
GEORGIA,2023,44448260
GUAM,1997,603005000
GUAM,1998,225000
GUAM,1999,2000
GUAM,2000,1290000
GUAM,2001,2065000
GUAM,2002,225242000
GUAM,2003,19782000
GUAM,2004,41186000
GUAM,2005,2015000
GUAM,2006,105000
GUAM,2007,20000
GUAM,2008,1150000
GUAM,2009,35000
GUAM,2010,0
GUAM,2011,110000
GUAM,2012,10055000
GUAM,2013,20860000
GUAM,2014,5800000
GUAM,2015,37160000
GUAM,2016,120000
GUAM,2017,1000
GUAM,2018,2009200000
GUAM,2020,125000
GUAM,2021,5910000
GUAM,2022,50500
GUAM,2023,4510000
GULF OF ALASKA,2003,0
GULF OF ALASKA,2004,0
GULF OF ALASKA,2005,21000
GULF OF ALASKA,2006,10000
GULF OF ALASKA,2007,0
GULF OF ALASKA,2008,0
GULF OF ALASKA,2009,0
GULF OF ALASKA,2010,0
GULF OF ALASKA,2012,0
GULF OF ALASKA,2023,0
GULF OF MEXICO,2001,0
GULF OF MEXICO,2002,3000
GULF OF MEXICO,2003,3010000
GULF OF MEXICO,2004,38000
GULF OF MEXICO,2005,75000
GULF OF MEXICO,2006,176000
GULF OF MEXICO,2007,153000
GULF OF MEXICO,2008,6400
GULF OF MEXICO,2009,31000
GULF OF MEXICO,2010,21740
GULF OF MEXICO,2011,109000
GULF OF MEXICO,2012,3081000
GULF OF MEXICO,2013,12404000
GULF OF MEXICO,2014,6000
GULF OF MEXICO,2015,63000
GULF OF MEXICO,2016,15000
GULF OF MEXICO,2017,20000
GULF OF MEXICO,2018,29000
GULF OF MEXICO,2019,5500
GULF OF MEXICO,2020,500000
GULF OF MEXICO,2021,50115000
GULF OF MEXICO,2022,1500
GULF OF MEXICO,2023,60000
HAWAII,1955,60
HAWAII,1957,25000
HAWAII,1963,50000
HAWAII,1965,0
HAWAII,1967,252500
HAWAII,1971,2775000
HAWAII,1973,0
HAWAII,1975,0
HAWAII,1978,250
HAWAII,1980,250
HAWAII,1982,750000
HAWAII,1983,2500
HAWAII,1985,0
HAWAII,1986,2500
HAWAII,1988,0
HAWAII,1989,2500
HAWAII,1995,15000
HAWAII,1996,16614000
HAWAII,1997,2719000
HAWAII,1998,20000
HAWAII,1999,0
HAWAII,2000,70630000
HAWAII,2001,30000
HAWAII,2002,2788000
HAWAII,2003,10000
HAWAII,2004,80550200
HAWAII,2005,0
HAWAII,2006,500
HAWAII,2007,0
HAWAII,2008,0
HAWAII,2009,5000
HAWAII,2010,0
HAWAII,2011,15785000
HAWAII,2012,86000
HAWAII,2013,114500
HAWAII,2014,110000
HAWAII,2015,88500
HAWAII,2016,1000
HAWAII,2017,231000
HAWAII,2018,28445000
HAWAII,2019,254250
HAWAII,2020,30888000
HAWAII,2021,51020000
HAWAII,2022,1322000
HAWAII,2023,54603000
HAWAII WATERS,2001,0
HAWAII WATERS,2002,0
HAWAII WATERS,2003,0
HAWAII WATERS,2004,0
HAWAII WATERS,2006,0
HAWAII WATERS,2007,0
HAWAII WATERS,2009,0
HAWAII WATERS,2010,0
HAWAII WATERS,2011,0
HAWAII WATERS,2012,0
HAWAII WATERS,2013,0
HAWAII WATERS,2014,0
HAWAII WATERS,2015,0
HAWAII WATERS,2016,0
HAWAII WATERS,2017,0
HAWAII WATERS,2018,0
HAWAII WATERS,2019,0
HAWAII WATERS,2020,0
HAWAII WATERS,2021,0
IDAHO,1954,90
IDAHO,1955,30
IDAHO,1956,150
IDAHO,1957,30
IDAHO,1958,25000
IDAHO,1959,50000
IDAHO,1960,0
IDAHO,1961,25000
IDAHO,1962,25000
IDAHO,1963,0
IDAHO,1964,25000
IDAHO,1965,0
IDAHO,1966,0
IDAHO,1967,0
IDAHO,1968,0
IDAHO,1969,0
IDAHO,1970,0
IDAHO,1971,0
IDAHO,1972,0
IDAHO,1973,2750
IDAHO,1975,0
IDAHO,1976,0
IDAHO,1977,0
IDAHO,1978,2525000
IDAHO,1979,30
IDAHO,1980,25000
IDAHO,1981,5000
IDAHO,1982,250
IDAHO,1983,25030
IDAHO,1984,102500
IDAHO,1985,52500
IDAHO,1986,327500
IDAHO,1987,307500
IDAHO,1988,63000
IDAHO,1989,27500
IDAHO,1990,305000
IDAHO,1991,577500
IDAHO,1992,30000
IDAHO,1993,855500
IDAHO,1994,1350000
IDAHO,1995,2760000
IDAHO,1996,51136000
IDAHO,1997,60681300
IDAHO,1998,1899300
IDAHO,1999,4340000
IDAHO,2000,7872100
IDAHO,2001,234000
IDAHO,2002,4669000
IDAHO,2003,1012500
IDAHO,2004,1049000
IDAHO,2005,486500
IDAHO,2006,4386900
IDAHO,2007,1002500
IDAHO,2008,13944000
IDAHO,2009,2980800
IDAHO,2010,5915000
IDAHO,2011,10044250
IDAHO,2012,475594800
IDAHO,2013,3430700
IDAHO,2014,8641600
IDAHO,2015,8734800
IDAHO,2016,1142400
IDAHO,2017,171094200
IDAHO,2018,43245850
IDAHO,2019,8033000
IDAHO,2020,6542300
IDAHO,2021,6159600
IDAHO,2022,25628300
IDAHO,2023,91633600
ILLINOIS,1950,5877500
ILLINOIS,1951,5525000
ILLINOIS,1952,302500
ILLINOIS,1953,50275000
ILLINOIS,1954,1575000
ILLINOIS,1955,7155280
ILLINOIS,1956,11527500
ILLINOIS,1957,16555530
ILLINOIS,1958,9320560
ILLINOIS,1959,3255530
ILLINOIS,1960,5410500
ILLINOIS,1961,41617750
ILLINOIS,1962,557750
ILLINOIS,1963,4377500
ILLINOIS,1964,152750
ILLINOIS,1965,81007750
ILLINOIS,1966,3302750
ILLINOIS,1967,60697500
ILLINOIS,1968,10775250
ILLINOIS,1969,630030
ILLINOIS,1970,910530
ILLINOIS,1971,4175530
ILLINOIS,1972,17132750
ILLINOIS,1973,8857560
ILLINOIS,1974,22718560
ILLINOIS,1975,33723750
ILLINOIS,1976,26053000
ILLINOIS,1977,11402500
ILLINOIS,1978,2780250
ILLINOIS,1979,3375000
ILLINOIS,1980,8077530
ILLINOIS,1981,45535000
ILLINOIS,1982,318277930
ILLINOIS,1983,38552530
ILLINOIS,1984,14125210
ILLINOIS,1985,6307500
ILLINOIS,1986,8632500
ILLINOIS,1987,1162500
ILLINOIS,1988,7655000
ILLINOIS,1989,37877530
ILLINOIS,1990,286205000
ILLINOIS,1991,110607500
ILLINOIS,1992,3312500
ILLINOIS,1993,2603900
ILLINOIS,1994,17827300
ILLINOIS,1995,57434400
ILLINOIS,1996,172294500
ILLINOIS,1997,9715500
ILLINOIS,1998,30162680
ILLINOIS,1999,8042000
ILLINOIS,2000,22095500
ILLINOIS,2001,58247700
ILLINOIS,2002,43047000
ILLINOIS,2003,207417000
ILLINOIS,2004,26503500
ILLINOIS,2005,4924000
ILLINOIS,2006,71435000
ILLINOIS,2007,32779000
ILLINOIS,2008,227142350
ILLINOIS,2009,382800610
ILLINOIS,2010,444054300
ILLINOIS,2011,286771500
ILLINOIS,2012,20563900
ILLINOIS,2013,1562382000
ILLINOIS,2014,256002000
ILLINOIS,2015,72346500
ILLINOIS,2016,23643500
ILLINOIS,2017,61309750
ILLINOIS,2018,143710000
ILLINOIS,2019,47049500
ILLINOIS,2020,48476500
ILLINOIS,2021,36825000
ILLINOIS,2022,15967000
ILLINOIS,2023,565822000
INDIANA,1950,25000
INDIANA,1951,5750000
INDIANA,1952,500000
INDIANA,1953,10050530
INDIANA,1954,2941000
INDIANA,1955,3935000
INDIANA,1956,9617750
INDIANA,1957,800780
INDIANA,1958,1390000
INDIANA,1959,442500
INDIANA,1960,567530
INDIANA,1961,17122780
INDIANA,1962,1630250
INDIANA,1963,9692810
INDIANA,1964,527750
INDIANA,1965,781068280
INDIANA,1966,108000
INDIANA,1967,1172750
INDIANA,1968,1387500
INDIANA,1969,1455280
INDIANA,1970,1932500
INDIANA,1971,3482750
INDIANA,1972,650000
INDIANA,1973,6867560
INDIANA,1974,956175000
INDIANA,1975,1980250
INDIANA,1976,11165250
INDIANA,1977,3603000
INDIANA,1978,930000
INDIANA,1979,352500
INDIANA,1980,34110250
INDIANA,1981,1077530
INDIANA,1982,1025000
INDIANA,1983,75500
INDIANA,1984,0
INDIANA,1985,5105000
INDIANA,1986,51332500
INDIANA,1987,2855280
INDIANA,1988,4605250
INDIANA,1989,29430500
INDIANA,1990,95808030
INDIANA,1991,26055000
INDIANA,1992,78157500
INDIANA,1993,4335000
INDIANA,1994,18712600
INDIANA,1995,8131500
INDIANA,1996,33115010
INDIANA,1997,90525000
INDIANA,1998,32044200
INDIANA,1999,417000
INDIANA,2000,90166500
INDIANA,2001,23723350
INDIANA,2002,124454000
INDIANA,2003,172170000
INDIANA,2004,56251200
INDIANA,2005,105918900
INDIANA,2006,41502300
INDIANA,2007,32843600
INDIANA,2008,888675140
INDIANA,2009,52378100
INDIANA,2010,11921200
INDIANA,2011,18392700
INDIANA,2012,73048850
INDIANA,2013,6276600
INDIANA,2014,75312850
INDIANA,2015,4195600
INDIANA,2016,19459450
INDIANA,2017,15305550
INDIANA,2018,14940500
INDIANA,2019,8941150
INDIANA,2020,7240250
INDIANA,2021,54627500
INDIANA,2022,24498000
INDIANA,2023,68119200
IOWA,1950,30
IOWA,1951,0
IOWA,1952,2700000
IOWA,1953,1405000
IOWA,1954,880750
IOWA,1955,107500
IOWA,1956,53500
IOWA,1957,630310
IOWA,1958,637560
IOWA,1959,4250000
IOWA,1960,2315000
IOWA,1961,15475000
IOWA,1962,1850000
IOWA,1963,752530
IOWA,1964,43202500
IOWA,1965,13917250
IOWA,1966,29890090
IOWA,1967,17977530
IOWA,1968,55440090
IOWA,1969,2427500
IOWA,1970,3557530
IOWA,1971,15800530
IOWA,1972,5930030
IOWA,1973,4282500
IOWA,1974,36928000
IOWA,1975,4920780
IOWA,1976,28330560
IOWA,1977,5380500
IOWA,1978,13825000
IOWA,1979,67765750
IOWA,1980,35805000
IOWA,1981,24387500
IOWA,1982,8811050
IOWA,1983,10735560
IOWA,1984,270938000
IOWA,1985,28427500
IOWA,1986,517457750
IOWA,1987,13253280
IOWA,1988,282808000
IOWA,1989,234473030
IOWA,1990,134625780
IOWA,1991,20548750
IOWA,1992,10924000
IOWA,1993,7704600
IOWA,1994,55903600
IOWA,1995,27469600
IOWA,1996,48326600
IOWA,1997,96916825
IOWA,1998,147016500
IOWA,1999,555000
IOWA,2000,31951920
IOWA,2001,71368650
IOWA,2002,42256300
IOWA,2003,753674500
IOWA,2004,39412970
IOWA,2005,25076640
IOWA,2006,24269050
IOWA,2007,125273700
IOWA,2008,1274866150
IOWA,2009,82681350
IOWA,2010,257405450
IOWA,2011,129514760
IOWA,2012,21355800
IOWA,2013,112032700
IOWA,2014,74117300
IOWA,2015,42875500
IOWA,2016,40254100
IOWA,2017,14312500
IOWA,2018,346347000
IOWA,2019,86041499
IOWA,2020,1822500
IOWA,2021,22302500
IOWA,2022,226819000
IOWA,2023,5637750
KANSAS,1950,5092500
KANSAS,1951,3702810
KANSAS,1952,880250
KANSAS,1953,607750
KANSAS,1954,706000
KANSAS,1955,1797500
KANSAS,1956,23035250
KANSAS,1957,10850580
KANSAS,1958,3057810
KANSAS,1959,1275250
KANSAS,1960,28835510
KANSAS,1961,10710090
KANSAS,1962,7870030
KANSAS,1963,384280
KANSAS,1964,6391250
KANSAS,1965,5757750
KANSAS,1966,255710750
KANSAS,1967,33855280
KANSAS,1968,982500
KANSAS,1969,26780000
KANSAS,1970,10458030
KANSAS,1971,1540500
KANSAS,1972,2512750
KANSAS,1973,258740340
KANSAS,1974,62490060
KANSAS,1975,1085090
KANSAS,1976,2837500
KANSAS,1977,18382620
KANSAS,1978,7628180
KANSAS,1979,7765090
KANSAS,1980,4057500
KANSAS,1981,31562840
KANSAS,1982,50907920
KANSAS,1983,31136360
KANSAS,1984,82751890
KANSAS,1985,13312500
KANSAS,1986,7190250
KANSAS,1987,7307750
KANSAS,1988,3136000
KANSAS,1989,325250
KANSAS,1990,225570000
KANSAS,1991,574967810
KANSAS,1992,62735500
KANSAS,1993,127672600
KANSAS,1994,105694350
KANSAS,1995,26362500
KANSAS,1996,56050650
KANSAS,1997,23190700
KANSAS,1998,95928650
KANSAS,1999,2299000
KANSAS,2000,105116450
KANSAS,2001,63732249
KANSAS,2002,103310650
KANSAS,2003,83838120
KANSAS,2004,42253700
KANSAS,2005,42208499
KANSAS,2006,187466750
KANSAS,2007,690178500
KANSAS,2008,133041500
KANSAS,2009,118687850
KANSAS,2010,164808470
KANSAS,2011,43014450
KANSAS,2012,511676200
KANSAS,2013,39914750
KANSAS,2014,30357800
KANSAS,2015,27861650
KANSAS,2016,73583950
KANSAS,2017,9577200
KANSAS,2018,37156300
KANSAS,2019,37247100
KANSAS,2020,4846050
KANSAS,2021,7393620
KANSAS,2022,57837850
KANSAS,2023,6885810
Kentucky,1974,525000
Kentucky,1995,5000000
Kentucky,1996,101000000
KENTUCKY,1950,500000
KENTUCKY,1951,275000
KENTUCKY,1952,250000
KENTUCKY,1954,277500
KENTUCKY,1955,525000
KENTUCKY,1956,2857530
KENTUCKY,1957,300000
KENTUCKY,1958,355030
KENTUCKY,1959,2775000
KENTUCKY,1960,2500250
KENTUCKY,1961,20050000
KENTUCKY,1962,50000
KENTUCKY,1963,1125000
KENTUCKY,1964,1705000
KENTUCKY,1965,3050250
KENTUCKY,1966,100000
KENTUCKY,1967,880000
KENTUCKY,1968,30550030
KENTUCKY,1969,305000
KENTUCKY,1970,330000
KENTUCKY,1971,13180030
KENTUCKY,1972,1357500
KENTUCKY,1973,1035000
KENTUCKY,1974,69953250
KENTUCKY,1975,25000
KENTUCKY,1976,777500
KENTUCKY,1977,2350000
KENTUCKY,1978,7775000
KENTUCKY,1979,3550500
KENTUCKY,1980,7125000
KENTUCKY,1981,5025250
KENTUCKY,1982,36550000
KENTUCKY,1983,2605280
KENTUCKY,1984,3877500
KENTUCKY,1985,2600000
KENTUCKY,1986,25650000
KENTUCKY,1987,82530
KENTUCKY,1988,25075000
KENTUCKY,1989,12575500
KENTUCKY,1990,34427500
KENTUCKY,1991,15777500
KENTUCKY,1992,5132750
KENTUCKY,1993,62205650
KENTUCKY,1994,5296950
KENTUCKY,1995,144764500
KENTUCKY,1996,58998000
KENTUCKY,1997,337141000
KENTUCKY,1998,553130000
KENTUCKY,1999,158000
KENTUCKY,2000,143647000
KENTUCKY,2001,37448000
KENTUCKY,2002,102757900
KENTUCKY,2003,120378400
KENTUCKY,2004,75469500
KENTUCKY,2005,75024200
KENTUCKY,2006,51355000
KENTUCKY,2007,24850200
KENTUCKY,2008,241216750
KENTUCKY,2009,365495200
KENTUCKY,2010,32648500
KENTUCKY,2011,72112750
KENTUCKY,2012,165074600
KENTUCKY,2013,15895500
KENTUCKY,2014,12303600
KENTUCKY,2015,17231310
KENTUCKY,2016,19548490
KENTUCKY,2017,28104350
KENTUCKY,2018,30164550
KENTUCKY,2019,13326800
KENTUCKY,2020,28172450
KENTUCKY,2021,12986580
KENTUCKY,2022,7712650
KENTUCKY,2023,14075500
LAKE ERIE,2001,0
LAKE ERIE,2002,0
LAKE ERIE,2003,5000
LAKE ERIE,2004,0
LAKE ERIE,2005,0
LAKE ERIE,2006,0
LAKE ERIE,2007,0
LAKE ERIE,2008,0
LAKE ERIE,2009,25000
LAKE ERIE,2010,0
LAKE ERIE,2011,0
LAKE ERIE,2012,0
LAKE ERIE,2013,0
LAKE ERIE,2014,0
LAKE ERIE,2015,0
LAKE ERIE,2016,0
LAKE ERIE,2017,0
LAKE ERIE,2018,0
LAKE ERIE,2019,5000
LAKE ERIE,2020,1000000
LAKE ERIE,2021,0
LAKE ERIE,2022,0
LAKE ERIE,2023,0
LAKE HURON,2001,0
LAKE HURON,2002,0
LAKE HURON,2003,0
LAKE HURON,2004,0
LAKE HURON,2005,0
LAKE HURON,2006,0
LAKE HURON,2007,0
LAKE HURON,2008,0
LAKE HURON,2009,0
LAKE HURON,2010,0
LAKE HURON,2011,0
LAKE HURON,2012,0
LAKE HURON,2013,0
LAKE HURON,2014,0
LAKE HURON,2015,0
LAKE HURON,2016,0
LAKE HURON,2017,0
LAKE HURON,2018,0
LAKE HURON,2019,0
LAKE HURON,2020,0
LAKE HURON,2021,7500
LAKE HURON,2022,0
LAKE HURON,2023,0
LAKE MICHIGAN,2001,0
LAKE MICHIGAN,2002,90000
LAKE MICHIGAN,2003,200000
LAKE MICHIGAN,2004,205000
LAKE MICHIGAN,2005,210000
LAKE MICHIGAN,2006,510000
LAKE MICHIGAN,2007,2000
LAKE MICHIGAN,2008,100000
LAKE MICHIGAN,2009,500
LAKE MICHIGAN,2010,0
LAKE MICHIGAN,2011,1364700
LAKE MICHIGAN,2012,5100
LAKE MICHIGAN,2013,0
LAKE MICHIGAN,2014,110500
LAKE MICHIGAN,2015,10000
LAKE MICHIGAN,2016,0
LAKE MICHIGAN,2017,0
LAKE MICHIGAN,2018,15000
LAKE MICHIGAN,2019,665000
LAKE MICHIGAN,2020,0
LAKE MICHIGAN,2021,0
LAKE MICHIGAN,2022,18000
LAKE MICHIGAN,2023,15000
LAKE ONTARIO,2002,50000
LAKE ONTARIO,2003,0
LAKE ONTARIO,2004,0
LAKE ONTARIO,2005,0
LAKE ONTARIO,2006,0
LAKE ONTARIO,2007,20000
LAKE ONTARIO,2008,0
LAKE ONTARIO,2009,0
LAKE ONTARIO,2010,0
LAKE ONTARIO,2011,0
LAKE ONTARIO,2012,0
LAKE ONTARIO,2013,0
LAKE ONTARIO,2014,0
LAKE ONTARIO,2015,5000
LAKE ONTARIO,2016,0
LAKE ONTARIO,2017,0
LAKE ONTARIO,2018,0
LAKE ONTARIO,2019,0
LAKE ONTARIO,2020,25000
LAKE ONTARIO,2021,0
LAKE ONTARIO,2022,0
LAKE ONTARIO,2023,0
LAKE ST CLAIR,2001,0
LAKE ST CLAIR,2002,0
LAKE ST CLAIR,2003,0
LAKE ST CLAIR,2004,0
LAKE ST CLAIR,2005,0
LAKE ST CLAIR,2006,0
LAKE ST CLAIR,2007,0
LAKE ST CLAIR,2008,100000
LAKE ST CLAIR,2009,0
LAKE ST CLAIR,2010,0
LAKE ST CLAIR,2011,0
LAKE ST CLAIR,2012,0
LAKE ST CLAIR,2013,0
LAKE ST CLAIR,2014,0
LAKE ST CLAIR,2015,0
LAKE ST CLAIR,2016,0
LAKE ST CLAIR,2017,0
LAKE ST CLAIR,2018,0
LAKE ST CLAIR,2019,0
LAKE ST CLAIR,2020,0
LAKE ST CLAIR,2021,0
LAKE ST CLAIR,2022,0
LAKE ST CLAIR,2023,0
LAKE SUPERIOR,2002,0
LAKE SUPERIOR,2003,0
LAKE SUPERIOR,2004,0
LAKE SUPERIOR,2005,0
LAKE SUPERIOR,2006,400000
LAKE SUPERIOR,2007,0
LAKE SUPERIOR,2008,0
LAKE SUPERIOR,2009,0
LAKE SUPERIOR,2010,0
LAKE SUPERIOR,2011,0
LAKE SUPERIOR,2012,0
LAKE SUPERIOR,2013,0
LAKE SUPERIOR,2014,0
LAKE SUPERIOR,2015,0
LAKE SUPERIOR,2016,0
LAKE SUPERIOR,2017,10000
LAKE SUPERIOR,2018,0
LAKE SUPERIOR,2019,0
LAKE SUPERIOR,2020,0
LAKE SUPERIOR,2021,5000
LAKE SUPERIOR,2022,0
LAKE SUPERIOR,2023,0
LOUISIANA,1950,4300000
LOUISIANA,1951,700000
LOUISIANA,1952,3852500
LOUISIANA,1953,32705000
LOUISIANA,1954,427560
LOUISIANA,1955,50030
LOUISIANA,1956,800250
LOUISIANA,1957,4915500
LOUISIANA,1958,327500
LOUISIANA,1959,608000
LOUISIANA,1960,877500
LOUISIANA,1961,5010250
LOUISIANA,1962,835780
LOUISIANA,1963,531000
LOUISIANA,1964,12635250
LOUISIANA,1965,2025500
LOUISIANA,1966,59000
LOUISIANA,1967,790000
LOUISIANA,1968,462750
LOUISIANA,1969,1390000
LOUISIANA,1970,932500
LOUISIANA,1971,15640000
LOUISIANA,1972,1725500
LOUISIANA,1973,16135750
LOUISIANA,1974,55438060
LOUISIANA,1975,2400780
LOUISIANA,1976,9900000
LOUISIANA,1977,10473750
LOUISIANA,1978,261130000
LOUISIANA,1979,6050000
LOUISIANA,1980,2850000
LOUISIANA,1981,2943310
LOUISIANA,1982,3959240
LOUISIANA,1983,149380430
LOUISIANA,1984,106235000
LOUISIANA,1985,425000
LOUISIANA,1986,1575000
LOUISIANA,1987,55135000
LOUISIANA,1988,29260500
LOUISIANA,1989,13605000
LOUISIANA,1990,2161750
LOUISIANA,1991,7712750
LOUISIANA,1992,76922500
LOUISIANA,1993,69230500
LOUISIANA,1994,3042750
LOUISIANA,1995,107102700
LOUISIANA,1996,25144600
LOUISIANA,1997,49881500
LOUISIANA,1998,123174700
LOUISIANA,1999,2057000
LOUISIANA,2000,243978850
LOUISIANA,2001,39318500
LOUISIANA,2002,660329250
LOUISIANA,2003,51383250
LOUISIANA,2004,38991000
LOUISIANA,2005,3463533500
LOUISIANA,2006,61848550
LOUISIANA,2007,19705500
LOUISIANA,2008,1642758050
LOUISIANA,2009,780743750
LOUISIANA,2010,59450600
LOUISIANA,2011,82364900
LOUISIANA,2012,810649900
LOUISIANA,2013,268151300
LOUISIANA,2014,10236800
LOUISIANA,2015,20972999
LOUISIANA,2016,5112589800
LOUISIANA,2017,107611100
LOUISIANA,2018,18184000
LOUISIANA,2019,186733000
LOUISIANA,2020,6667254600
LOUISIANA,2021,11661784600
LOUISIANA,2022,191526200
LOUISIANA,2023,78839250
MAINE,1953,250
MAINE,1954,50000
MAINE,1955,0
MAINE,1956,50000
MAINE,1957,2500
MAINE,1958,105250
MAINE,1959,35000
MAINE,1960,25000
MAINE,1961,375000
MAINE,1962,5000
MAINE,1963,260250
MAINE,1964,0
MAINE,1965,255000
MAINE,1966,50000
MAINE,1967,25000
MAINE,1968,27500
MAINE,1969,25000
MAINE,1970,27500
MAINE,1971,1328000
MAINE,1972,5000
MAINE,1973,25000
MAINE,1974,2500
MAINE,1975,27500
MAINE,1976,250000
MAINE,1977,25000
MAINE,1978,250
MAINE,1979,0
MAINE,1980,0
MAINE,1981,25000
MAINE,1982,0
MAINE,1983,0
MAINE,1984,250000
MAINE,1985,0
MAINE,1986,2750000
MAINE,1987,0
MAINE,1988,2500000
MAINE,1989,250000
MAINE,1990,0
MAINE,1991,0
MAINE,1992,0
MAINE,1993,51500
MAINE,1994,1220000
MAINE,1995,150000
MAINE,1996,33142000
MAINE,1997,960000
MAINE,1998,325058500
MAINE,1999,0
MAINE,2000,4208000
MAINE,2001,609000
MAINE,2002,800500
MAINE,2003,454000
MAINE,2004,667000
MAINE,2005,4618000
MAINE,2006,12031000
MAINE,2007,75590500
MAINE,2008,35182300
MAINE,2009,5393500
MAINE,2010,5606000
MAINE,2011,2610500
MAINE,2012,1100000
MAINE,2013,3656500
MAINE,2014,3687000
MAINE,2015,988500
MAINE,2016,1929500
MAINE,2017,345000
MAINE,2018,7660000
MAINE,2019,420000
MAINE,2020,531000
MAINE,2021,5283000
MAINE,2022,32831000
MAINE,2023,16352000
MARYLAND,1950,2500
MARYLAND,1952,75250
MARYLAND,1953,2750
MARYLAND,1954,25000
MARYLAND,1956,0
MARYLAND,1957,0
MARYLAND,1958,50000
MARYLAND,1959,27500
MARYLAND,1960,5000
MARYLAND,1961,302500
MARYLAND,1962,50250
MARYLAND,1963,50000
MARYLAND,1964,0
MARYLAND,1965,50000
MARYLAND,1966,50000
MARYLAND,1967,80000
MARYLAND,1968,0
MARYLAND,1969,275000
MARYLAND,1970,0
MARYLAND,1971,525000
MARYLAND,1972,250000
MARYLAND,1973,55000
MARYLAND,1974,32500
MARYLAND,1975,380000
MARYLAND,1976,775000
MARYLAND,1977,25250
MARYLAND,1978,627500
MARYLAND,1979,3077500
MARYLAND,1980,525000
MARYLAND,1981,2525000
MARYLAND,1982,2500
MARYLAND,1983,100000
MARYLAND,1984,7775000
MARYLAND,1985,0
MARYLAND,1986,0
MARYLAND,1987,0
MARYLAND,1988,0
MARYLAND,1989,250000
MARYLAND,1990,28352500
MARYLAND,1991,25000
MARYLAND,1992,5052500
MARYLAND,1993,369000
MARYLAND,1994,16985000
MARYLAND,1995,9427000
MARYLAND,1996,108393000
MARYLAND,1997,3783000
MARYLAND,1998,15670000
MARYLAND,1999,22432000
MARYLAND,2000,6856400
MARYLAND,2001,107316500
MARYLAND,2002,129599100
MARYLAND,2003,596087199
MARYLAND,2004,9959750
MARYLAND,2005,2963000
MARYLAND,2006,38431000
MARYLAND,2007,653000
MARYLAND,2008,6758000
MARYLAND,2009,3101000
MARYLAND,2010,3709500
MARYLAND,2011,19804000
MARYLAND,2012,47899720
MARYLAND,2013,444500
MARYLAND,2014,5836000
MARYLAND,2015,1687000
MARYLAND,2016,24455020
MARYLAND,2017,1103020
MARYLAND,2018,72336600
MARYLAND,2019,2274000
MARYLAND,2020,10002750
MARYLAND,2021,11421000
MARYLAND,2022,7834500
MARYLAND,2023,76785000
MASSACHUSETTS,1951,2500
MASSACHUSETTS,1953,257500000
MASSACHUSETTS,1954,5000
MASSACHUSETTS,1955,7500
MASSACHUSETTS,1956,2855500
MASSACHUSETTS,1957,55750
MASSACHUSETTS,1958,520500
MASSACHUSETTS,1959,0
MASSACHUSETTS,1960,30
MASSACHUSETTS,1961,75000
MASSACHUSETTS,1962,50000
MASSACHUSETTS,1963,110000
MASSACHUSETTS,1964,305000
MASSACHUSETTS,1965,250280
MASSACHUSETTS,1966,300250
MASSACHUSETTS,1967,250
MASSACHUSETTS,1968,282750
MASSACHUSETTS,1969,2500
MASSACHUSETTS,1970,1075000
MASSACHUSETTS,1971,80250
MASSACHUSETTS,1972,2590000
MASSACHUSETTS,1973,25025250
MASSACHUSETTS,1974,250000
MASSACHUSETTS,1975,50000
MASSACHUSETTS,1976,2500
MASSACHUSETTS,1977,25000
MASSACHUSETTS,1978,250
MASSACHUSETTS,1979,2525000
MASSACHUSETTS,1980,0
MASSACHUSETTS,1981,25000
MASSACHUSETTS,1982,0
MASSACHUSETTS,1983,280
MASSACHUSETTS,1984,52500
MASSACHUSETTS,1985,250
MASSACHUSETTS,1986,502500
MASSACHUSETTS,1987,0
MASSACHUSETTS,1988,0
MASSACHUSETTS,1989,1052500
MASSACHUSETTS,1990,5030
MASSACHUSETTS,1991,250000
MASSACHUSETTS,1992,25000
MASSACHUSETTS,1993,0
MASSACHUSETTS,1994,6050000
MASSACHUSETTS,1995,9000
MASSACHUSETTS,1996,63957200
MASSACHUSETTS,1997,14815390
MASSACHUSETTS,1998,21663500
MASSACHUSETTS,1999,325000
MASSACHUSETTS,2000,677000
MASSACHUSETTS,2001,39161000
MASSACHUSETTS,2002,4088000
MASSACHUSETTS,2003,6820000
MASSACHUSETTS,2004,3757000
MASSACHUSETTS,2005,16888500
MASSACHUSETTS,2006,22620000
MASSACHUSETTS,2007,3692000
MASSACHUSETTS,2008,55843750
MASSACHUSETTS,2009,3137500
MASSACHUSETTS,2010,173556849
MASSACHUSETTS,2011,312571500
MASSACHUSETTS,2012,26188000
MASSACHUSETTS,2013,30760900
MASSACHUSETTS,2014,11819000
MASSACHUSETTS,2015,5497500
MASSACHUSETTS,2016,7018700
MASSACHUSETTS,2017,5155400
MASSACHUSETTS,2018,9568000
MASSACHUSETTS,2019,10600450
MASSACHUSETTS,2020,32235100
MASSACHUSETTS,2021,9166340
MASSACHUSETTS,2022,897000
MASSACHUSETTS,2023,3119500
MICHIGAN,1951,827500
MICHIGAN,1953,84055500
MICHIGAN,1954,385500
MICHIGAN,1955,570250
MICHIGAN,1956,20935250
MICHIGAN,1957,907530
MICHIGAN,1958,30340
MICHIGAN,1959,250
MICHIGAN,1960,82500
MICHIGAN,1961,325000
MICHIGAN,1962,55250
MICHIGAN,1963,575000
MICHIGAN,1964,3950000
MICHIGAN,1965,310175000
MICHIGAN,1966,133000
MICHIGAN,1967,28907750
MICHIGAN,1968,5982500
MICHIGAN,1969,5602500
MICHIGAN,1970,50000
MICHIGAN,1971,1052500
MICHIGAN,1972,5608000
MICHIGAN,1973,1171120
MICHIGAN,1974,5148750
MICHIGAN,1975,995250
MICHIGAN,1976,32050060
MICHIGAN,1977,7010530
MICHIGAN,1978,1428310
MICHIGAN,1979,1057530
MICHIGAN,1980,52910500
MICHIGAN,1981,282500
MICHIGAN,1982,9590530
MICHIGAN,1983,50978780
MICHIGAN,1984,16628560
MICHIGAN,1985,765000
MICHIGAN,1986,14367750
MICHIGAN,1987,2974030
MICHIGAN,1988,5932780
MICHIGAN,1989,1635750
MICHIGAN,1990,7967500
MICHIGAN,1991,41820500
MICHIGAN,1992,5652500
MICHIGAN,1993,1292000
MICHIGAN,1994,13568050
MICHIGAN,1995,55213500
MICHIGAN,1996,46046700
MICHIGAN,1997,177992000
MICHIGAN,1998,193535299
MICHIGAN,1999,50000
MICHIGAN,2000,49616499
MICHIGAN,2001,43708700
MICHIGAN,2002,32094000
MICHIGAN,2003,209238250
MICHIGAN,2004,137522000
MICHIGAN,2005,19335000
MICHIGAN,2006,13044400
MICHIGAN,2007,166290500
MICHIGAN,2008,67918080
MICHIGAN,2009,55220000
MICHIGAN,2010,256778000
MICHIGAN,2011,85810500
MICHIGAN,2012,44273220
MICHIGAN,2013,197171500
MICHIGAN,2014,780374000
MICHIGAN,2015,79924000
MICHIGAN,2016,46439500
MICHIGAN,2017,721006000
MICHIGAN,2018,201517500
MICHIGAN,2019,203160500
MICHIGAN,2020,276979500
MICHIGAN,2021,185804800
MICHIGAN,2022,75244500
MICHIGAN,2023,323248000
MINNESOTA,1950,2500
MINNESOTA,1951,30250000
MINNESOTA,1952,17600000
MINNESOTA,1953,8277500
MINNESOTA,1954,602500
MINNESOTA,1955,3525750
MINNESOTA,1956,275000
MINNESOTA,1957,577620
MINNESOTA,1958,530370
MINNESOTA,1959,1178000
MINNESOTA,1960,102530
MINNESOTA,1961,627500
MINNESOTA,1962,605000
MINNESOTA,1963,602500
MINNESOTA,1964,1965030
MINNESOTA,1965,258182500
MINNESOTA,1966,2665030
MINNESOTA,1967,280450250
MINNESOTA,1968,9022750
MINNESOTA,1969,16667750
MINNESOTA,1970,3905000
MINNESOTA,1971,695250
MINNESOTA,1972,25030
MINNESOTA,1973,4172500
MINNESOTA,1974,1180000
MINNESOTA,1975,6155000
MINNESOTA,1976,3475250
MINNESOTA,1977,10600000
MINNESOTA,1978,28733530
MINNESOTA,1979,13100030
MINNESOTA,1980,36277560
MINNESOTA,1981,62958240
MINNESOTA,1982,9430000
MINNESOTA,1983,8003090
MINNESOTA,1984,93552500
MINNESOTA,1985,12207500
MINNESOTA,1986,7635500
MINNESOTA,1987,33032500
MINNESOTA,1988,75000
MINNESOTA,1989,30
MINNESOTA,1990,302500
MINNESOTA,1991,3075000
MINNESOTA,1992,100275000
MINNESOTA,1993,11050000
MINNESOTA,1994,17935750
MINNESOTA,1995,21323600
MINNESOTA,1996,60905500
MINNESOTA,1997,185737300
MINNESOTA,1998,1457674500
MINNESOTA,1999,196500
MINNESOTA,2000,57860970
MINNESOTA,2001,408220600
MINNESOTA,2002,239761900
MINNESOTA,2003,35254300
MINNESOTA,2004,20169600
MINNESOTA,2005,311329600
MINNESOTA,2006,204997350
MINNESOTA,2007,229617800
MINNESOTA,2008,61759600
MINNESOTA,2009,6589400
MINNESOTA,2010,115533100
MINNESOTA,2011,189888500
MINNESOTA,2012,58297700
MINNESOTA,2013,112088200
MINNESOTA,2014,47553200
MINNESOTA,2015,5607900
MINNESOTA,2016,16965300
MINNESOTA,2017,19221000
MINNESOTA,2018,44738000
MINNESOTA,2019,24132000
MINNESOTA,2020,14519500
MINNESOTA,2021,17818900
MINNESOTA,2022,37136700
MINNESOTA,2023,24724500
MISSISSIPPI,1950,1375000
MISSISSIPPI,1951,110000
MISSISSIPPI,1952,327500
MISSISSIPPI,1953,28337500
MISSISSIPPI,1954,3682750
MISSISSIPPI,1955,777500
MISSISSIPPI,1956,2775000
MISSISSIPPI,1957,3985060
MISSISSIPPI,1958,9732500
MISSISSIPPI,1959,792750
MISSISSIPPI,1960,335000
MISSISSIPPI,1961,740250
MISSISSIPPI,1962,1112500
MISSISSIPPI,1963,827500
MISSISSIPPI,1964,77500
MISSISSIPPI,1965,740750
MISSISSIPPI,1966,77537530
MISSISSIPPI,1967,25757530
MISSISSIPPI,1968,405250
MISSISSIPPI,1969,2182500
MISSISSIPPI,1970,3337750
MISSISSIPPI,1971,34045000
MISSISSIPPI,1972,4637750
MISSISSIPPI,1973,11447500
MISSISSIPPI,1974,1591370
MISSISSIPPI,1975,30943030
MISSISSIPPI,1976,52412500
MISSISSIPPI,1977,5712750
MISSISSIPPI,1978,104152750
MISSISSIPPI,1979,2805000
MISSISSIPPI,1980,65255000
MISSISSIPPI,1981,1030000
MISSISSIPPI,1982,107625250
MISSISSIPPI,1983,14750000
MISSISSIPPI,1984,130302750
MISSISSIPPI,1985,2137500
MISSISSIPPI,1986,28825000
MISSISSIPPI,1987,90630000
MISSISSIPPI,1988,24607500
MISSISSIPPI,1989,6357500
MISSISSIPPI,1990,10580000
MISSISSIPPI,1991,1328000
MISSISSIPPI,1992,176233000
MISSISSIPPI,1993,6166000
MISSISSIPPI,1994,22326950
MISSISSIPPI,1995,5783500
MISSISSIPPI,1996,30401270
MISSISSIPPI,1997,40856410
MISSISSIPPI,1998,702829960
MISSISSIPPI,1999,841780
MISSISSIPPI,2000,11120060
MISSISSIPPI,2001,126280900
MISSISSIPPI,2002,118341950
MISSISSIPPI,2003,348645980
MISSISSIPPI,2004,57127350
MISSISSIPPI,2005,6940018880
MISSISSIPPI,2006,88509600
MISSISSIPPI,2007,23280160
MISSISSIPPI,2008,329215650
MISSISSIPPI,2009,47758200
MISSISSIPPI,2010,424101000
MISSISSIPPI,2011,151300700
MISSISSIPPI,2012,39111200
MISSISSIPPI,2013,609917000
MISSISSIPPI,2014,212068580
MISSISSIPPI,2015,20230160
MISSISSIPPI,2016,37193200
MISSISSIPPI,2017,57070400
MISSISSIPPI,2018,28399200
MISSISSIPPI,2019,56695400
MISSISSIPPI,2020,248189000
MISSISSIPPI,2021,50250600
MISSISSIPPI,2022,64197600
MISSISSIPPI,2023,226754350
MISSOURI,1950,2755500
MISSOURI,1951,305250
MISSOURI,1952,27877750
MISSOURI,1953,57530
MISSOURI,1954,1370560
MISSOURI,1955,2063430
MISSOURI,1956,1016030
MISSOURI,1957,82226120
MISSOURI,1958,4268090
MISSOURI,1959,50868060
MISSOURI,1960,1128000
MISSOURI,1961,4580060
MISSOURI,1962,505710
MISSOURI,1963,733000
MISSOURI,1964,12955030
MISSOURI,1965,1766120
MISSOURI,1966,5998620
MISSOURI,1967,65238700
MISSOURI,1968,1210870
MISSOURI,1969,11953120
MISSOURI,1970,5160680
MISSOURI,1971,26738000
MISSOURI,1972,2755000
MISSOURI,1973,19008780
MISSOURI,1974,3352500
MISSOURI,1975,39130000
MISSOURI,1976,8625000
MISSOURI,1977,63435000
MISSOURI,1978,5852500
MISSOURI,1979,8050500
MISSOURI,1980,36375000
MISSOURI,1981,59085710
MISSOURI,1982,188414080
MISSOURI,1983,35836340
MISSOURI,1984,70212780
MISSOURI,1985,4252500
MISSOURI,1986,60352750
MISSOURI,1987,75250
MISSOURI,1988,60375000
MISSOURI,1989,5525500
MISSOURI,1990,84380250
MISSOURI,1991,51352500
MISSOURI,1992,2160750
MISSOURI,1993,30620650
MISSOURI,1994,37500650
MISSOURI,1995,22870600
MISSOURI,1996,45443860
MISSOURI,1997,16181270
MISSOURI,1998,44635260
MISSOURI,1999,1858000
MISSOURI,2000,127389930
MISSOURI,2001,1080015200
MISSOURI,2002,114941150
MISSOURI,2003,305282730
MISSOURI,2004,29614970
MISSOURI,2005,10905270
MISSOURI,2006,490291840
MISSOURI,2007,413497500
MISSOURI,2008,254883850
MISSOURI,2009,335529600
MISSOURI,2010,107144800
MISSOURI,2011,572654850
MISSOURI,2012,42977950
MISSOURI,2013,95535500
MISSOURI,2014,7135500
MISSOURI,2015,323680000
MISSOURI,2016,14753500
MISSOURI,2017,155729000
MISSOURI,2018,9264000
MISSOURI,2019,222476500
MISSOURI,2020,23674800
MISSOURI,2021,17127000
MISSOURI,2022,171977100
MISSOURI,2023,51175000
MONTANA,1952,500000
MONTANA,1953,25500
MONTANA,1954,27750
MONTANA,1955,52500
MONTANA,1956,0
MONTANA,1957,250
MONTANA,1958,2502780
MONTANA,1959,5030
MONTANA,1960,2750
MONTANA,1961,2502500
MONTANA,1962,282750
MONTANA,1963,0
MONTANA,1964,252500
MONTANA,1965,2575250
MONTANA,1966,250
MONTANA,1967,0
MONTANA,1968,250
MONTANA,1969,25250
MONTANA,1970,250
MONTANA,1971,53000
MONTANA,1972,5250
MONTANA,1973,25030
MONTANA,1974,0
MONTANA,1975,100000
MONTANA,1976,2525000
MONTANA,1977,600000
MONTANA,1978,1000000
MONTANA,1979,500000
MONTANA,1980,1000000
MONTANA,1981,0
MONTANA,1982,252530
MONTANA,1983,255030
MONTANA,1984,275000
MONTANA,1985,2750
MONTANA,1986,5000
MONTANA,1987,25000
MONTANA,1988,308000
MONTANA,1989,250000
MONTANA,1990,2500
MONTANA,1991,440000
MONTANA,1992,277500
MONTANA,1993,3260500
MONTANA,1994,19206500
MONTANA,1995,1574000
MONTANA,1996,2399400
MONTANA,1997,5057500
MONTANA,1998,9281000
MONTANA,1999,105000
MONTANA,2000,10311700
MONTANA,2001,4445000
MONTANA,2002,6892000
MONTANA,2003,6884000
MONTANA,2004,667000
MONTANA,2005,7176000
MONTANA,2006,9390000
MONTANA,2007,13075000
MONTANA,2008,3683500
MONTANA,2009,2267500
MONTANA,2010,94957900
MONTANA,2011,21632100
MONTANA,2012,2341400
MONTANA,2013,1197600
MONTANA,2014,2750500
MONTANA,2015,4423500
MONTANA,2016,5011750
MONTANA,2017,1163500
MONTANA,2018,10593000
MONTANA,2019,3960000
MONTANA,2020,3166600
MONTANA,2021,6997000
MONTANA,2022,4211000
MONTANA,2023,8182000
NEBRASKA,1950,2577500
NEBRASKA,1951,57500
NEBRASKA,1952,502500
NEBRASKA,1953,9268500
NEBRASKA,1954,8367750
NEBRASKA,1955,1365750
NEBRASKA,1956,1775250
NEBRASKA,1957,8779200
NEBRASKA,1958,1709170
NEBRASKA,1959,1463530
NEBRASKA,1960,2035000
NEBRASKA,1961,552500
NEBRASKA,1962,11230250
NEBRASKA,1963,662500
NEBRASKA,1964,6255250
NEBRASKA,1965,100650000
NEBRASKA,1966,27500
NEBRASKA,1967,2107500
NEBRASKA,1968,2882500
NEBRASKA,1969,627750
NEBRASKA,1970,600000
NEBRASKA,1971,1407500
NEBRASKA,1972,110250
NEBRASKA,1973,11202750
NEBRASKA,1974,12567500
NEBRASKA,1975,257294000
NEBRASKA,1976,6082590
NEBRASKA,1977,11093500
NEBRASKA,1978,71618000
NEBRASKA,1979,11010310
NEBRASKA,1980,303080530
NEBRASKA,1981,2075590
NEBRASKA,1982,4913420
NEBRASKA,1983,1602650
NEBRASKA,1984,42067530
NEBRASKA,1985,26568000
NEBRASKA,1986,60016630
NEBRASKA,1987,3935460
NEBRASKA,1988,10361840
NEBRASKA,1989,7926400
NEBRASKA,1990,267846080
NEBRASKA,1991,15493000
NEBRASKA,1992,41115780
NEBRASKA,1993,78841000
NEBRASKA,1994,32676550
NEBRASKA,1995,25579000
NEBRASKA,1996,53358300
NEBRASKA,1997,108837000
NEBRASKA,1998,24072700
NEBRASKA,1999,1576000
NEBRASKA,2000,31392700
NEBRASKA,2001,581472120
NEBRASKA,2002,110639200
NEBRASKA,2003,46761400
NEBRASKA,2004,201573300
NEBRASKA,2005,51295450
NEBRASKA,2006,111464600
NEBRASKA,2007,32623050
NEBRASKA,2008,87300900
NEBRASKA,2009,14131500
NEBRASKA,2010,25361550
NEBRASKA,2011,49859700
NEBRASKA,2012,284836000
NEBRASKA,2013,43769000
NEBRASKA,2014,109957000
NEBRASKA,2015,235079799
NEBRASKA,2016,32420000
NEBRASKA,2017,35489250
NEBRASKA,2018,21799500
NEBRASKA,2019,641041500
NEBRASKA,2020,6678350
NEBRASKA,2021,45237800
NEBRASKA,2022,106799500
NEBRASKA,2023,68810250
NEVADA,1957,0
NEVADA,1958,0
NEVADA,1959,0
NEVADA,1961,0
NEVADA,1962,25000
NEVADA,1963,0
NEVADA,1964,275000
NEVADA,1965,0
NEVADA,1966,0
NEVADA,1967,0
NEVADA,1968,0
NEVADA,1969,0
NEVADA,1970,0
NEVADA,1971,0
NEVADA,1972,0
NEVADA,1973,0
NEVADA,1974,0
NEVADA,1975,250000
NEVADA,1976,0
NEVADA,1977,25000
NEVADA,1978,0
NEVADA,1979,250000
NEVADA,1980,0
NEVADA,1981,0
NEVADA,1982,30
NEVADA,1983,30
NEVADA,1984,0
NEVADA,1985,0
NEVADA,1986,0
NEVADA,1987,250250
NEVADA,1988,0
NEVADA,1989,277500
NEVADA,1990,0
NEVADA,1991,0
NEVADA,1992,250000
NEVADA,1993,0
NEVADA,1994,50011500
NEVADA,1995,106050
NEVADA,1996,1013500
NEVADA,1997,11778000
NEVADA,1998,15920100
NEVADA,1999,51000
NEVADA,2000,1000000
NEVADA,2001,280700
NEVADA,2002,9049500
NEVADA,2003,2347000
NEVADA,2004,152000
NEVADA,2005,31238000
NEVADA,2006,3233000
NEVADA,2007,6619000
NEVADA,2008,8552300
NEVADA,2009,659600
NEVADA,2010,7580600
NEVADA,2011,15131900
NEVADA,2012,82153800
NEVADA,2013,17693100
NEVADA,2014,13355100
NEVADA,2015,4645600
NEVADA,2016,81087500
NEVADA,2017,19951600
NEVADA,2018,16759000
NEVADA,2019,438000
NEVADA,2020,438400
NEVADA,2021,3498000
NEVADA,2022,23592100
NEVADA,2023,39565600
NEW HAMPSHIRE,1951,2500
NEW HAMPSHIRE,1953,25250
NEW HAMPSHIRE,1954,25000
NEW HAMPSHIRE,1955,25000
NEW HAMPSHIRE,1956,25250
NEW HAMPSHIRE,1957,25000
NEW HAMPSHIRE,1958,0
NEW HAMPSHIRE,1959,25000
NEW HAMPSHIRE,1960,2500
NEW HAMPSHIRE,1961,257500
NEW HAMPSHIRE,1962,27500
NEW HAMPSHIRE,1963,855000
NEW HAMPSHIRE,1964,25000
NEW HAMPSHIRE,1965,52500
NEW HAMPSHIRE,1966,257500
NEW HAMPSHIRE,1967,25000
NEW HAMPSHIRE,1968,77500
NEW HAMPSHIRE,1969,27500
NEW HAMPSHIRE,1970,325000
NEW HAMPSHIRE,1971,0
NEW HAMPSHIRE,1972,330250
NEW HAMPSHIRE,1973,0
NEW HAMPSHIRE,1974,2500
NEW HAMPSHIRE,1975,0
NEW HAMPSHIRE,1976,250000
NEW HAMPSHIRE,1977,0
NEW HAMPSHIRE,1978,27750
NEW HAMPSHIRE,1979,0
NEW HAMPSHIRE,1980,250000
NEW HAMPSHIRE,1981,2500000
NEW HAMPSHIRE,1982,0
NEW HAMPSHIRE,1983,0
NEW HAMPSHIRE,1984,775000
NEW HAMPSHIRE,1985,0
NEW HAMPSHIRE,1986,3250000
NEW HAMPSHIRE,1987,0
NEW HAMPSHIRE,1988,250000
NEW HAMPSHIRE,1989,0
NEW HAMPSHIRE,1990,0
NEW HAMPSHIRE,1991,0
NEW HAMPSHIRE,1992,0
NEW HAMPSHIRE,1993,5505000
NEW HAMPSHIRE,1994,5105500
NEW HAMPSHIRE,1995,0
NEW HAMPSHIRE,1996,12893000
NEW HAMPSHIRE,1997,3807000
NEW HAMPSHIRE,1998,31705000
NEW HAMPSHIRE,1999,570450
NEW HAMPSHIRE,2000,835000
NEW HAMPSHIRE,2001,6235000
NEW HAMPSHIRE,2002,918000
NEW HAMPSHIRE,2003,3770000
NEW HAMPSHIRE,2004,1222500
NEW HAMPSHIRE,2005,18535000
NEW HAMPSHIRE,2006,18187000
NEW HAMPSHIRE,2007,16146000
NEW HAMPSHIRE,2008,48885460
NEW HAMPSHIRE,2009,1133000
NEW HAMPSHIRE,2010,14632100
NEW HAMPSHIRE,2011,27280500
NEW HAMPSHIRE,2012,5276100
NEW HAMPSHIRE,2013,11251500
NEW HAMPSHIRE,2014,3765000
NEW HAMPSHIRE,2015,371000
NEW HAMPSHIRE,2016,265000
NEW HAMPSHIRE,2017,16965000
NEW HAMPSHIRE,2018,3445000
NEW HAMPSHIRE,2019,2980000
NEW HAMPSHIRE,2020,2455000
NEW HAMPSHIRE,2021,5716000
NEW HAMPSHIRE,2022,10999000
NEW HAMPSHIRE,2023,0
NEW JERSEY,1951,25000
NEW JERSEY,1952,77500
NEW JERSEY,1955,0
NEW JERSEY,1956,50000
NEW JERSEY,1957,250000
NEW JERSEY,1958,527500
NEW JERSEY,1960,302750
NEW JERSEY,1961,0
NEW JERSEY,1962,500000
NEW JERSEY,1963,0
NEW JERSEY,1964,1275000
NEW JERSEY,1965,0
NEW JERSEY,1966,0
NEW JERSEY,1967,25000
NEW JERSEY,1968,0
NEW JERSEY,1969,0
NEW JERSEY,1970,275000
NEW JERSEY,1971,750000
NEW JERSEY,1972,0
NEW JERSEY,1973,530500
NEW JERSEY,1974,250
NEW JERSEY,1975,25275000
NEW JERSEY,1976,250000
NEW JERSEY,1977,50000
NEW JERSEY,1978,0
NEW JERSEY,1979,252500
NEW JERSEY,1980,25000
NEW JERSEY,1981,250000
NEW JERSEY,1982,2500000
NEW JERSEY,1983,2500000
NEW JERSEY,1984,0
NEW JERSEY,1985,250
NEW JERSEY,1986,250000
NEW JERSEY,1987,257500
NEW JERSEY,1988,3252500
NEW JERSEY,1989,10827500
NEW JERSEY,1990,6000000
NEW JERSEY,1991,2500
NEW JERSEY,1992,500000
NEW JERSEY,1993,555000
NEW JERSEY,1994,10675000
NEW JERSEY,1995,1000000
NEW JERSEY,1996,114580000
NEW JERSEY,1997,60494000
NEW JERSEY,1998,42574000
NEW JERSEY,1999,511180000
NEW JERSEY,2000,184369000
NEW JERSEY,2001,2504000
NEW JERSEY,2002,11592000
NEW JERSEY,2003,45008750
NEW JERSEY,2004,88356000
NEW JERSEY,2005,21485000
NEW JERSEY,2006,47503000
NEW JERSEY,2007,133569000
NEW JERSEY,2008,9704750
NEW JERSEY,2009,195407000
NEW JERSEY,2010,202628250
NEW JERSEY,2011,851250850
NEW JERSEY,2012,3496806500
NEW JERSEY,2013,3799750
NEW JERSEY,2014,13775250
NEW JERSEY,2015,65600500
NEW JERSEY,2016,3893550
NEW JERSEY,2017,1793080
NEW JERSEY,2018,4142000
NEW JERSEY,2019,934000
NEW JERSEY,2020,1550000
NEW JERSEY,2021,225555500
NEW JERSEY,2022,170000
NEW JERSEY,2023,123000
NEW MEXICO,1950,25250
NEW MEXICO,1951,250030
NEW MEXICO,1954,530
NEW MEXICO,1955,2500
NEW MEXICO,1956,2750
NEW MEXICO,1957,550180
NEW MEXICO,1958,90
NEW MEXICO,1959,45780
NEW MEXICO,1960,50000
NEW MEXICO,1961,77810
NEW MEXICO,1962,85250
NEW MEXICO,1963,32500
NEW MEXICO,1964,330780
NEW MEXICO,1965,57560
NEW MEXICO,1966,281000
NEW MEXICO,1967,27750
NEW MEXICO,1968,250000
NEW MEXICO,1969,25280
NEW MEXICO,1970,255280
NEW MEXICO,1971,56280
NEW MEXICO,1972,56000
NEW MEXICO,1973,250
NEW MEXICO,1974,302500
NEW MEXICO,1975,25060
NEW MEXICO,1976,25000
NEW MEXICO,1977,305000
NEW MEXICO,1978,27530
NEW MEXICO,1979,333030
NEW MEXICO,1980,2530
NEW MEXICO,1981,280030
NEW MEXICO,1982,25250120
NEW MEXICO,1983,300000
NEW MEXICO,1984,0
NEW MEXICO,1985,550030
NEW MEXICO,1986,0
NEW MEXICO,1987,280000
NEW MEXICO,1988,500000
NEW MEXICO,1989,52500
NEW MEXICO,1990,0
NEW MEXICO,1991,3530000
NEW MEXICO,1992,825500
NEW MEXICO,1993,5447500
NEW MEXICO,1994,671000
NEW MEXICO,1995,5900500
NEW MEXICO,1996,6533000
NEW MEXICO,1997,38259500
NEW MEXICO,1998,3831300
NEW MEXICO,1999,160000
NEW MEXICO,2000,4015000
NEW MEXICO,2001,5483000
NEW MEXICO,2002,7488000
NEW MEXICO,2003,754000
NEW MEXICO,2004,54246000
NEW MEXICO,2005,4568250
NEW MEXICO,2006,23011000
NEW MEXICO,2007,23980600
NEW MEXICO,2008,44453500
NEW MEXICO,2009,9275500
NEW MEXICO,2010,22745450
NEW MEXICO,2011,45647000
NEW MEXICO,2012,34832010
NEW MEXICO,2013,20613300
NEW MEXICO,2014,6051600
NEW MEXICO,2015,410924700
NEW MEXICO,2016,19438000
NEW MEXICO,2017,18702500
NEW MEXICO,2018,8105000
NEW MEXICO,2019,16633000
NEW MEXICO,2020,4358300
NEW MEXICO,2021,23349000
NEW MEXICO,2022,183107900
NEW MEXICO,2023,17570500
NEW YORK,1952,25000
NEW YORK,1954,2525000
NEW YORK,1955,25000
NEW YORK,1956,0
NEW YORK,1957,25000
NEW YORK,1958,50000
NEW YORK,1959,300000
NEW YORK,1960,25275030
NEW YORK,1961,3050000
NEW YORK,1962,250
NEW YORK,1963,7500
NEW YORK,1964,25000
NEW YORK,1965,305000
NEW YORK,1966,2500
NEW YORK,1967,25000
NEW YORK,1968,275000
NEW YORK,1969,3077500
NEW YORK,1970,775000
NEW YORK,1971,550000
NEW YORK,1972,577500
NEW YORK,1973,75000
NEW YORK,1974,275000
NEW YORK,1975,300030
NEW YORK,1976,553000
NEW YORK,1977,2802500
NEW YORK,1978,3052500
NEW YORK,1979,275000
NEW YORK,1980,2777500
NEW YORK,1981,255000
NEW YORK,1982,250280
NEW YORK,1983,42775000
NEW YORK,1984,577500
NEW YORK,1985,5505000
NEW YORK,1986,4300000
NEW YORK,1987,3075000
NEW YORK,1988,5527500
NEW YORK,1989,175605000
NEW YORK,1990,4625000
NEW YORK,1991,852500
NEW YORK,1992,11825250
NEW YORK,1993,10938000
NEW YORK,1994,16070000
NEW YORK,1995,202322000
NEW YORK,1996,297485700
NEW YORK,1997,22497000
NEW YORK,1998,321666200
NEW YORK,1999,8020500
NEW YORK,2000,90973000
NEW YORK,2001,36857000
NEW YORK,2002,36569000
NEW YORK,2003,148713000
NEW YORK,2004,114157000
NEW YORK,2005,44572500
NEW YORK,2006,1161648500
NEW YORK,2007,88124000
NEW YORK,2008,57263250
NEW YORK,2009,224748499
NEW YORK,2010,89265400
NEW YORK,2011,1199187500
NEW YORK,2012,36941750
NEW YORK,2013,65748000
NEW YORK,2014,93322499
NEW YORK,2015,32502250
NEW YORK,2016,17017250
NEW YORK,2017,52191950
NEW YORK,2018,14544250
NEW YORK,2019,86171000
NEW YORK,2020,70785000
NEW YORK,2021,522325000
NEW YORK,2022,57620800
NEW YORK,2023,8304750
NORTH CAROLINA,1950,282500
NORTH CAROLINA,1951,100000
NORTH CAROLINA,1952,350000
NORTH CAROLINA,1953,300060
NORTH CAROLINA,1954,877500
NORTH CAROLINA,1955,352500
NORTH CAROLINA,1956,357500
NORTH CAROLINA,1957,2552500
NORTH CAROLINA,1958,30000
NORTH CAROLINA,1959,252500
NORTH CAROLINA,1960,427500
NORTH CAROLINA,1961,602750
NORTH CAROLINA,1962,277500
NORTH CAROLINA,1963,1130000
NORTH CAROLINA,1964,1852810
NORTH CAROLINA,1965,7902500
NORTH CAROLINA,1966,1302500
NORTH CAROLINA,1967,600000
NORTH CAROLINA,1968,600000
NORTH CAROLINA,1969,1127500
NORTH CAROLINA,1970,50000
NORTH CAROLINA,1971,3250250
NORTH CAROLINA,1972,2525000
NORTH CAROLINA,1973,4305000
NORTH CAROLINA,1974,29282500
NORTH CAROLINA,1975,6658250
NORTH CAROLINA,1976,4937500
NORTH CAROLINA,1977,3358000
NORTH CAROLINA,1978,1562750
NORTH CAROLINA,1979,1125280
NORTH CAROLINA,1980,828250
NORTH CAROLINA,1981,7275000
NORTH CAROLINA,1982,930030
NORTH CAROLINA,1983,7102750
NORTH CAROLINA,1984,351602500
NORTH CAROLINA,1985,3057500
NORTH CAROLINA,1986,1382500
NORTH CAROLINA,1987,3025000
NORTH CAROLINA,1988,290055250
NORTH CAROLINA,1989,167100000
NORTH CAROLINA,1990,1655000
NORTH CAROLINA,1991,11362500
NORTH CAROLINA,1992,10865250
NORTH CAROLINA,1993,8685500
NORTH CAROLINA,1994,7445500
NORTH CAROLINA,1995,30935550
NORTH CAROLINA,1996,438912500
NORTH CAROLINA,1997,29500700
NORTH CAROLINA,1998,179416490
NORTH CAROLINA,1999,109694000
NORTH CAROLINA,2000,11736600
NORTH CAROLINA,2001,8691000
NORTH CAROLINA,2002,211736300
NORTH CAROLINA,2003,503282500
NORTH CAROLINA,2004,250758000
NORTH CAROLINA,2005,60165500
NORTH CAROLINA,2006,13099800
NORTH CAROLINA,2007,23584000
NORTH CAROLINA,2008,50913900
NORTH CAROLINA,2009,30177750
NORTH CAROLINA,2010,51562450
NORTH CAROLINA,2011,838219000
NORTH CAROLINA,2012,47056650
NORTH CAROLINA,2013,48276450
NORTH CAROLINA,2014,54504200
NORTH CAROLINA,2015,25624350
NORTH CAROLINA,2016,832141298
NORTH CAROLINA,2017,60612450
NORTH CAROLINA,2018,1023526458
NORTH CAROLINA,2019,149250600
NORTH CAROLINA,2020,79903800
NORTH CAROLINA,2021,219815400
NORTH CAROLINA,2022,30938950
NORTH CAROLINA,2023,307226400
NORTH DAKOTA,1950,275000
NORTH DAKOTA,1951,250
NORTH DAKOTA,1952,880000
NORTH DAKOTA,1953,807500
NORTH DAKOTA,1954,25000
NORTH DAKOTA,1955,587500
NORTH DAKOTA,1956,802500
NORTH DAKOTA,1957,25110030
NORTH DAKOTA,1958,105090
NORTH DAKOTA,1959,27750
NORTH DAKOTA,1960,35030
NORTH DAKOTA,1961,0
NORTH DAKOTA,1962,60250
NORTH DAKOTA,1963,25500
NORTH DAKOTA,1964,507750
NORTH DAKOTA,1965,1437750
NORTH DAKOTA,1966,1355500
NORTH DAKOTA,1967,102500
NORTH DAKOTA,1968,552500
NORTH DAKOTA,1969,80000
NORTH DAKOTA,1970,135250
NORTH DAKOTA,1971,595000
NORTH DAKOTA,1972,305250
NORTH DAKOTA,1973,1525000
NORTH DAKOTA,1974,2102500
NORTH DAKOTA,1975,2830250
NORTH DAKOTA,1976,1482500
NORTH DAKOTA,1977,2127500
NORTH DAKOTA,1978,3590280
NORTH DAKOTA,1979,580500
NORTH DAKOTA,1980,180250
NORTH DAKOTA,1981,503000
NORTH DAKOTA,1982,675300
NORTH DAKOTA,1983,578540
NORTH DAKOTA,1984,355000
NORTH DAKOTA,1985,652500
NORTH DAKOTA,1986,5927500
NORTH DAKOTA,1987,1900000
NORTH DAKOTA,1988,1675000
NORTH DAKOTA,1989,600000
NORTH DAKOTA,1990,1427500
NORTH DAKOTA,1991,807750
NORTH DAKOTA,1992,3077500
NORTH DAKOTA,1993,4010000
NORTH DAKOTA,1994,4848000
NORTH DAKOTA,1995,42005000
NORTH DAKOTA,1996,20192500
NORTH DAKOTA,1997,499203200
NORTH DAKOTA,1998,1976600
NORTH DAKOTA,1999,17434000
NORTH DAKOTA,2000,147586500
NORTH DAKOTA,2001,321993000
NORTH DAKOTA,2002,2191600
NORTH DAKOTA,2003,7931000
NORTH DAKOTA,2004,10892000
NORTH DAKOTA,2005,118044000
NORTH DAKOTA,2006,23660000
NORTH DAKOTA,2007,109287100
NORTH DAKOTA,2008,8195000
NORTH DAKOTA,2009,54680000
NORTH DAKOTA,2010,84647500
NORTH DAKOTA,2011,177109200
NORTH DAKOTA,2012,5379100
NORTH DAKOTA,2013,12841000
NORTH DAKOTA,2014,21085000
NORTH DAKOTA,2015,7317000
NORTH DAKOTA,2016,87141500
NORTH DAKOTA,2017,10048000
NORTH DAKOTA,2018,25106000
NORTH DAKOTA,2019,12494000
NORTH DAKOTA,2020,5455000
NORTH DAKOTA,2021,8440000
NORTH DAKOTA,2022,68248000
NORTH DAKOTA,2023,20239000
OHIO,1950,2525000
OHIO,1951,7500000
OHIO,1952,275000
OHIO,1953,50000
OHIO,1954,855000
OHIO,1955,3500000
OHIO,1956,1530000
OHIO,1957,525000
OHIO,1958,650000
OHIO,1959,515500
OHIO,1960,105250
OHIO,1961,4387500
OHIO,1962,2777500
OHIO,1963,8260000
OHIO,1964,630000
OHIO,1965,96330000
OHIO,1966,2775000
OHIO,1967,532500
OHIO,1968,13880280
OHIO,1969,9115500
OHIO,1970,1722500
OHIO,1971,5977500
OHIO,1972,677500
OHIO,1973,9848060
OHIO,1974,257182500
OHIO,1975,3605250
OHIO,1976,1127750
OHIO,1977,35227500
OHIO,1978,17200000
OHIO,1979,550000
OHIO,1980,57130000
OHIO,1981,33660000
OHIO,1982,6100000
OHIO,1983,53777500
OHIO,1984,275000
OHIO,1985,842625000
OHIO,1986,28100000
OHIO,1987,375000
OHIO,1988,0
OHIO,1989,17300000
OHIO,1990,115952500
OHIO,1991,25600000
OHIO,1992,87830000
OHIO,1993,10968000
OHIO,1994,52935000
OHIO,1995,12683000
OHIO,1996,85045100
OHIO,1997,78329000
OHIO,1998,134978000
OHIO,1999,722000
OHIO,2000,61321000
OHIO,2001,97678500
OHIO,2002,195665200
OHIO,2003,532220000
OHIO,2004,273536000
OHIO,2005,44653000
OHIO,2006,823250600
OHIO,2007,567566500
OHIO,2008,1660194999
OHIO,2009,48933500
OHIO,2010,197667000
OHIO,2011,172190500
OHIO,2012,135795500
OHIO,2013,74367000
OHIO,2014,96945350
OHIO,2015,37622150
OHIO,2016,21265550
OHIO,2017,70010100
OHIO,2018,15891050
OHIO,2019,691652900
OHIO,2020,28797300
OHIO,2021,9406700
OHIO,2022,19780750
OHIO,2023,16701700
OKLAHOMA,1950,1715750
OKLAHOMA,1951,1301030
OKLAHOMA,1952,596030
OKLAHOMA,1953,1264810
OKLAHOMA,1954,14538840
OKLAHOMA,1955,27007530
OKLAHOMA,1956,15666310
OKLAHOMA,1957,7254300
OKLAHOMA,1958,720760
OKLAHOMA,1959,2613000
OKLAHOMA,1960,26908810
OKLAHOMA,1961,16466340
OKLAHOMA,1962,1763030
OKLAHOMA,1963,410680
OKLAHOMA,1964,1715400
OKLAHOMA,1965,6885750
OKLAHOMA,1966,2390250
OKLAHOMA,1967,8883530
OKLAHOMA,1968,1570780
OKLAHOMA,1969,1412750
OKLAHOMA,1970,139442810
OKLAHOMA,1971,3120250
OKLAHOMA,1972,582500
OKLAHOMA,1973,33420620
OKLAHOMA,1974,128015530
OKLAHOMA,1975,35960000
OKLAHOMA,1976,11010810
OKLAHOMA,1977,9238340
OKLAHOMA,1978,6780000
OKLAHOMA,1979,34597750
OKLAHOMA,1980,19057750
OKLAHOMA,1981,305485210
OKLAHOMA,1982,317232270
OKLAHOMA,1983,9487090
OKLAHOMA,1984,142430640
OKLAHOMA,1985,35900000
OKLAHOMA,1986,36705000
OKLAHOMA,1987,3162500
OKLAHOMA,1988,930030
OKLAHOMA,1989,1000000
OKLAHOMA,1990,28275000
OKLAHOMA,1991,52260000
OKLAHOMA,1992,7772500
OKLAHOMA,1993,44834000
OKLAHOMA,1994,39317000
OKLAHOMA,1995,83704500
OKLAHOMA,1996,7721020
OKLAHOMA,1997,8405020
OKLAHOMA,1998,24519450
OKLAHOMA,1999,613920
OKLAHOMA,2000,127479670
OKLAHOMA,2001,152682810
OKLAHOMA,2002,308462620
OKLAHOMA,2003,422782260
OKLAHOMA,2004,29119900
OKLAHOMA,2005,18817250
OKLAHOMA,2006,67973640
OKLAHOMA,2007,915470300
OKLAHOMA,2008,834475350
OKLAHOMA,2009,74802500
OKLAHOMA,2010,33987400
OKLAHOMA,2011,45692600
OKLAHOMA,2012,511182200
OKLAHOMA,2013,22424300
OKLAHOMA,2014,9793000
OKLAHOMA,2015,122719900
OKLAHOMA,2016,20290600
OKLAHOMA,2017,130013000
OKLAHOMA,2018,4675000
OKLAHOMA,2019,14834400
OKLAHOMA,2020,18704000
OKLAHOMA,2021,7808000
OKLAHOMA,2022,44833000
OKLAHOMA,2023,236588870
OREGON,1951,30
OREGON,1954,0
OREGON,1955,0
OREGON,1956,0
OREGON,1957,5000
OREGON,1958,0
OREGON,1960,2500
OREGON,1961,0
OREGON,1962,2500
OREGON,1963,0
OREGON,1964,0
OREGON,1965,2500
OREGON,1966,52500
OREGON,1967,275000
OREGON,1968,25000000
OREGON,1969,25000
OREGON,1970,0
OREGON,1971,2500
OREGON,1972,250000
OREGON,1973,0
OREGON,1974,25000
OREGON,1975,2500000
OREGON,1976,0
OREGON,1977,0
OREGON,1978,25000
OREGON,1981,0
OREGON,1982,0
OREGON,1983,30000
OREGON,1984,302500
OREGON,1985,0
OREGON,1986,0
OREGON,1987,0
OREGON,1988,0
OREGON,1989,50000
OREGON,1990,0
OREGON,1991,75250
OREGON,1992,2500
OREGON,1993,0
OREGON,1994,506000
OREGON,1995,20115000
OREGON,1996,58370000
OREGON,1997,91146800
OREGON,1998,6425000
OREGON,1999,1016000
OREGON,2000,2413000
OREGON,2001,5355000
OREGON,2002,13235000
OREGON,2003,777000
OREGON,2004,577900
OREGON,2005,16844700
OREGON,2006,79811000
OREGON,2007,179794500
OREGON,2008,18655550
OREGON,2009,1957800
OREGON,2010,4801000
OREGON,2011,28419200
OREGON,2012,30731600
OREGON,2013,8926000
OREGON,2014,3358000
OREGON,2015,23718000
OREGON,2016,7264000
OREGON,2017,101213000
OREGON,2018,1231200
OREGON,2019,37055000
OREGON,2020,671660000
OREGON,2021,26417700
OREGON,2022,9830950
OREGON,2023,20018000
PENNSYLVANIA,1950,532500
PENNSYLVANIA,1951,30250
PENNSYLVANIA,1952,3032500
PENNSYLVANIA,1953,60000
PENNSYLVANIA,1954,218560
PENNSYLVANIA,1955,300000
PENNSYLVANIA,1956,802500
PENNSYLVANIA,1957,377750
PENNSYLVANIA,1958,2500
PENNSYLVANIA,1959,0
PENNSYLVANIA,1960,525000
PENNSYLVANIA,1961,5327500
PENNSYLVANIA,1962,527500
PENNSYLVANIA,1963,27525250
PENNSYLVANIA,1964,1025250
PENNSYLVANIA,1965,550000
PENNSYLVANIA,1966,325000
PENNSYLVANIA,1967,502500
PENNSYLVANIA,1968,552500
PENNSYLVANIA,1969,275000
PENNSYLVANIA,1970,5902500
PENNSYLVANIA,1971,325000
PENNSYLVANIA,1972,52500
PENNSYLVANIA,1973,655030
PENNSYLVANIA,1974,125030
PENNSYLVANIA,1975,2860750
PENNSYLVANIA,1976,8535250
PENNSYLVANIA,1977,8057500
PENNSYLVANIA,1978,1385000
PENNSYLVANIA,1979,2960000
PENNSYLVANIA,1980,1008585250
PENNSYLVANIA,1981,1550000
PENNSYLVANIA,1982,77500
PENNSYLVANIA,1983,64400030
PENNSYLVANIA,1984,17802500
PENNSYLVANIA,1985,379382500
PENNSYLVANIA,1986,10030000
PENNSYLVANIA,1987,552500
PENNSYLVANIA,1988,3525000
PENNSYLVANIA,1989,8650000
PENNSYLVANIA,1990,3602500
PENNSYLVANIA,1991,7410250
PENNSYLVANIA,1992,7712750
PENNSYLVANIA,1993,11798500
PENNSYLVANIA,1994,77967500
PENNSYLVANIA,1995,4408000
PENNSYLVANIA,1996,435072300
PENNSYLVANIA,1997,15135000
PENNSYLVANIA,1998,76798000
PENNSYLVANIA,1999,60935000
PENNSYLVANIA,2000,38486400
PENNSYLVANIA,2001,68907850
PENNSYLVANIA,2002,34681000
PENNSYLVANIA,2003,167386100
PENNSYLVANIA,2004,484243839
PENNSYLVANIA,2005,25100000
PENNSYLVANIA,2006,541454500
PENNSYLVANIA,2007,45405000
PENNSYLVANIA,2008,52729000
PENNSYLVANIA,2009,57153500
PENNSYLVANIA,2010,47909470
PENNSYLVANIA,2011,356320720
PENNSYLVANIA,2012,42771250
PENNSYLVANIA,2013,24947250
PENNSYLVANIA,2014,18892750
PENNSYLVANIA,2015,20544350
PENNSYLVANIA,2016,60631560
PENNSYLVANIA,2017,45676780
PENNSYLVANIA,2018,30648500
PENNSYLVANIA,2019,31529000
PENNSYLVANIA,2020,13152200
PENNSYLVANIA,2021,394512950
PENNSYLVANIA,2022,8029150
PENNSYLVANIA,2023,26360200
PUERTO RICO,1974,250000
PUERTO RICO,1993,1010000
PUERTO RICO,1994,55600
PUERTO RICO,1995,22000
PUERTO RICO,1996,85000
PUERTO RICO,1997,1575500
PUERTO RICO,1998,1708391000
PUERTO RICO,1999,10000
PUERTO RICO,2000,1858000
PUERTO RICO,2001,211865000
PUERTO RICO,2002,1680000
PUERTO RICO,2003,39332500
PUERTO RICO,2004,85608500
PUERTO RICO,2005,20138100
PUERTO RICO,2006,4140000
PUERTO RICO,2007,494030
PUERTO RICO,2008,28903000
PUERTO RICO,2009,6687000
PUERTO RICO,2010,2208500
PUERTO RICO,2011,2200510
PUERTO RICO,2012,1570500
PUERTO RICO,2013,127900
PUERTO RICO,2014,24800
PUERTO RICO,2015,14300
PUERTO RICO,2016,1047800
PUERTO RICO,2017,16527218000
PUERTO RICO,2018,9500
PUERTO RICO,2019,151500
PUERTO RICO,2020,13002500
PUERTO RICO,2021,66500
PUERTO RICO,2022,4312100
PUERTO RICO,2023,1072300
RHODE ISLAND,1956,0
RHODE ISLAND,1957,0
RHODE ISLAND,1959,0
RHODE ISLAND,1961,0
RHODE ISLAND,1964,0
RHODE ISLAND,1965,0
RHODE ISLAND,1969,0
RHODE ISLAND,1971,0
RHODE ISLAND,1972,0
RHODE ISLAND,1973,0
RHODE ISLAND,1974,0
RHODE ISLAND,1976,0
RHODE ISLAND,1979,0
RHODE ISLAND,1981,0
RHODE ISLAND,1983,0
RHODE ISLAND,1984,0
RHODE ISLAND,1985,0
RHODE ISLAND,1986,3000000
RHODE ISLAND,1987,0
RHODE ISLAND,1989,250000
RHODE ISLAND,1990,250000
RHODE ISLAND,1991,0
RHODE ISLAND,1992,0
RHODE ISLAND,1993,0
RHODE ISLAND,1994,50000
RHODE ISLAND,1995,0
RHODE ISLAND,1996,750000
RHODE ISLAND,1997,1152000
RHODE ISLAND,1998,50000
RHODE ISLAND,1999,0
RHODE ISLAND,2000,68000
RHODE ISLAND,2001,13795000
RHODE ISLAND,2002,189000
RHODE ISLAND,2003,685000
RHODE ISLAND,2004,630000
RHODE ISLAND,2005,2117000
RHODE ISLAND,2006,807000
RHODE ISLAND,2007,336000
RHODE ISLAND,2008,548500
RHODE ISLAND,2009,86500
RHODE ISLAND,2010,88227000
RHODE ISLAND,2011,654000
RHODE ISLAND,2012,11864500
RHODE ISLAND,2013,1981000
RHODE ISLAND,2014,157000
RHODE ISLAND,2015,513000
RHODE ISLAND,2016,908300
RHODE ISLAND,2017,161900
RHODE ISLAND,2018,1153000
RHODE ISLAND,2019,142700
RHODE ISLAND,2020,293500
RHODE ISLAND,2021,2145300
RHODE ISLAND,2022,1121500
RHODE ISLAND,2023,330100
SOUTH CAROLINA,1950,25000
SOUTH CAROLINA,1951,25000
SOUTH CAROLINA,1952,250060
SOUTH CAROLINA,1953,302500
SOUTH CAROLINA,1954,2500
SOUTH CAROLINA,1955,535000
SOUTH CAROLINA,1956,305250
SOUTH CAROLINA,1957,1055030
SOUTH CAROLINA,1958,55250
SOUTH CAROLINA,1959,27530
SOUTH CAROLINA,1960,2575000
SOUTH CAROLINA,1961,610530
SOUTH CAROLINA,1962,112500
SOUTH CAROLINA,1963,2608030
SOUTH CAROLINA,1964,391370
SOUTH CAROLINA,1965,3682590
SOUTH CAROLINA,1966,90030
SOUTH CAROLINA,1967,452530
SOUTH CAROLINA,1968,57810
SOUTH CAROLINA,1969,580560
SOUTH CAROLINA,1970,2500
SOUTH CAROLINA,1971,52530
SOUTH CAROLINA,1972,3052500
SOUTH CAROLINA,1973,31210000
SOUTH CAROLINA,1974,3605000
SOUTH CAROLINA,1975,1580030
SOUTH CAROLINA,1976,3655250
SOUTH CAROLINA,1977,3180000
SOUTH CAROLINA,1978,1052750
SOUTH CAROLINA,1979,8250500
SOUTH CAROLINA,1980,11075000
SOUTH CAROLINA,1981,2585500
SOUTH CAROLINA,1982,5307750
SOUTH CAROLINA,1983,8105060
SOUTH CAROLINA,1984,230607500
SOUTH CAROLINA,1985,3800000
SOUTH CAROLINA,1986,25000
SOUTH CAROLINA,1987,275000
SOUTH CAROLINA,1988,2500000
SOUTH CAROLINA,1989,19555000
SOUTH CAROLINA,1990,2032750
SOUTH CAROLINA,1991,777500
SOUTH CAROLINA,1992,8327500
SOUTH CAROLINA,1993,18136000
SOUTH CAROLINA,1994,73035500
SOUTH CAROLINA,1995,20298000
SOUTH CAROLINA,1996,19854800
SOUTH CAROLINA,1997,4982000
SOUTH CAROLINA,1998,19345530
SOUTH CAROLINA,1999,3155000
SOUTH CAROLINA,2000,35400000
SOUTH CAROLINA,2001,13919000
SOUTH CAROLINA,2002,103043000
SOUTH CAROLINA,2003,6792500
SOUTH CAROLINA,2004,67361000
SOUTH CAROLINA,2005,9651000
SOUTH CAROLINA,2006,6922000
SOUTH CAROLINA,2007,16954200
SOUTH CAROLINA,2008,16077880
SOUTH CAROLINA,2009,56269700
SOUTH CAROLINA,2010,14835850
SOUTH CAROLINA,2011,17513750
SOUTH CAROLINA,2012,8821500
SOUTH CAROLINA,2013,18369000
SOUTH CAROLINA,2014,12054900
SOUTH CAROLINA,2015,153771870
SOUTH CAROLINA,2016,253066400
SOUTH CAROLINA,2017,5530380
SOUTH CAROLINA,2018,5914550
SOUTH CAROLINA,2019,1943190
SOUTH CAROLINA,2020,125054480
SOUTH CAROLINA,2021,2623710
SOUTH CAROLINA,2022,2079380
SOUTH CAROLINA,2023,12118950
SOUTH DAKOTA,1950,2500
SOUTH DAKOTA,1951,0
SOUTH DAKOTA,1952,50060
SOUTH DAKOTA,1953,403250
SOUTH DAKOTA,1954,208030
SOUTH DAKOTA,1955,63500
SOUTH DAKOTA,1956,30530
SOUTH DAKOTA,1957,385520
SOUTH DAKOTA,1958,2500
SOUTH DAKOTA,1959,152500
SOUTH DAKOTA,1960,307780
SOUTH DAKOTA,1961,1562500
SOUTH DAKOTA,1962,5735250
SOUTH DAKOTA,1963,552750
SOUTH DAKOTA,1964,3032500
SOUTH DAKOTA,1965,8367500
SOUTH DAKOTA,1966,890030
SOUTH DAKOTA,1967,2610000
SOUTH DAKOTA,1968,300000
SOUTH DAKOTA,1969,725250
SOUTH DAKOTA,1970,25375000
SOUTH DAKOTA,1971,262500
SOUTH DAKOTA,1972,362500
SOUTH DAKOTA,1973,2867500
SOUTH DAKOTA,1974,582750
SOUTH DAKOTA,1975,686500
SOUTH DAKOTA,1976,252500
SOUTH DAKOTA,1977,807500
SOUTH DAKOTA,1978,1252500
SOUTH DAKOTA,1979,33325000
SOUTH DAKOTA,1980,252530
SOUTH DAKOTA,1981,850000
SOUTH DAKOTA,1982,576060
SOUTH DAKOTA,1983,3116270
SOUTH DAKOTA,1984,5627500
SOUTH DAKOTA,1985,2893000
SOUTH DAKOTA,1986,5933000
SOUTH DAKOTA,1987,280000
SOUTH DAKOTA,1988,2500
SOUTH DAKOTA,1989,525000
SOUTH DAKOTA,1990,5000000
SOUTH DAKOTA,1991,3801030
SOUTH DAKOTA,1992,43385090
SOUTH DAKOTA,1993,24066900
SOUTH DAKOTA,1994,11684500
SOUTH DAKOTA,1995,2958300
SOUTH DAKOTA,1996,10840500
SOUTH DAKOTA,1997,58027680
SOUTH DAKOTA,1998,28122770
SOUTH DAKOTA,1999,515000
SOUTH DAKOTA,2000,27977070
SOUTH DAKOTA,2001,35721000
SOUTH DAKOTA,2002,14055150
SOUTH DAKOTA,2003,19266000
SOUTH DAKOTA,2004,18430500
SOUTH DAKOTA,2005,19578300
SOUTH DAKOTA,2006,27208000
SOUTH DAKOTA,2007,13239000
SOUTH DAKOTA,2008,19940500
SOUTH DAKOTA,2009,65139500
SOUTH DAKOTA,2010,18380500
SOUTH DAKOTA,2011,23826000
SOUTH DAKOTA,2012,7231100
SOUTH DAKOTA,2013,153441500
SOUTH DAKOTA,2014,17439000
SOUTH DAKOTA,2015,7870000
SOUTH DAKOTA,2016,10548200
SOUTH DAKOTA,2017,171000
SOUTH DAKOTA,2018,5179000
SOUTH DAKOTA,2019,124374949
SOUTH DAKOTA,2020,3569000
SOUTH DAKOTA,2021,4442000
SOUTH DAKOTA,2022,1470000
SOUTH DAKOTA,2023,2060000
ST LAWRENCE R,2002,15000
ST LAWRENCE R,2003,0
ST LAWRENCE R,2004,0
ST LAWRENCE R,2006,0
ST LAWRENCE R,2009,0
ST LAWRENCE R,2011,0
ST LAWRENCE R,2012,0
ST LAWRENCE R,2016,0
ST LAWRENCE R,2017,0
ST LAWRENCE R,2018,0
ST LAWRENCE R,2020,0
ST LAWRENCE R,2021,1000
ST LAWRENCE R,2022,0
TENNESSEE,1950,30000
TENNESSEE,1951,25000
TENNESSEE,1952,13202500
TENNESSEE,1953,1030000
TENNESSEE,1954,252500
TENNESSEE,1955,1657500
TENNESSEE,1956,2632500
TENNESSEE,1957,3262500
TENNESSEE,1958,252500
TENNESSEE,1959,750000
TENNESSEE,1960,50000
TENNESSEE,1961,525000
TENNESSEE,1962,250000
TENNESSEE,1963,4575000
TENNESSEE,1964,7825000
TENNESSEE,1965,6082500
TENNESSEE,1966,102500
TENNESSEE,1967,4175000
TENNESSEE,1968,5280000
TENNESSEE,1969,275000
TENNESSEE,1970,15452750
TENNESSEE,1971,7125000
TENNESSEE,1972,1302500
TENNESSEE,1973,1560000
TENNESSEE,1974,25100000
TENNESSEE,1975,3925000
TENNESSEE,1976,3825030
TENNESSEE,1977,4380000
TENNESSEE,1978,3600000
TENNESSEE,1979,332500
TENNESSEE,1980,1730250
TENNESSEE,1981,400030
TENNESSEE,1982,3575000
TENNESSEE,1983,800030
TENNESSEE,1984,10025030
TENNESSEE,1985,560500
TENNESSEE,1986,8050000
TENNESSEE,1987,2500000
TENNESSEE,1988,29082500
TENNESSEE,1989,678250
TENNESSEE,1990,830250
TENNESSEE,1991,55280250
TENNESSEE,1992,355250
TENNESSEE,1993,25472950
TENNESSEE,1994,85110150
TENNESSEE,1995,20026150
TENNESSEE,1996,17395900
TENNESSEE,1997,91644440
TENNESSEE,1998,172730500
TENNESSEE,1999,45332190
TENNESSEE,2000,7047570
TENNESSEE,2001,12003660
TENNESSEE,2002,34325770
TENNESSEE,2003,339007098
TENNESSEE,2004,14013120
TENNESSEE,2005,17255740
TENNESSEE,2006,165715850
TENNESSEE,2007,9643300
TENNESSEE,2008,278381700
TENNESSEE,2009,131294500
TENNESSEE,2010,857713300
TENNESSEE,2011,149910900
TENNESSEE,2012,85861750
TENNESSEE,2013,92006000
TENNESSEE,2014,57254000
TENNESSEE,2015,78686250
TENNESSEE,2016,25688010
TENNESSEE,2017,27245700
TENNESSEE,2018,21395200
TENNESSEE,2019,122670330
TENNESSEE,2020,546432430
TENNESSEE,2021,192481780
TENNESSEE,2022,3500600
TENNESSEE,2023,228559300
TEXAS,1950,4430000
TEXAS,1951,3632780
TEXAS,1952,412530
TEXAS,1953,33513500
TEXAS,1954,5875280
TEXAS,1955,8683120
TEXAS,1956,877780
TEXAS,1957,39953220
TEXAS,1958,2900970
TEXAS,1959,4612370
TEXAS,1960,5182750
TEXAS,1961,6192620
TEXAS,1962,14428000
TEXAS,1963,785250
TEXAS,1964,27079590
TEXAS,1965,28039750
TEXAS,1966,915500
TEXAS,1967,4873560
TEXAS,1968,8113590
TEXAS,1969,5473280
TEXAS,1970,382039250
TEXAS,1971,32532250
TEXAS,1972,12538750
TEXAS,1973,11469780
TEXAS,1974,11158770
TEXAS,1975,2673090
TEXAS,1976,36102780
TEXAS,1977,29888720
TEXAS,1978,4041180
TEXAS,1979,327300980
TEXAS,1980,346345140
TEXAS,1981,66247010
TEXAS,1982,106049110
TEXAS,1983,63151280
TEXAS,1984,109842070
TEXAS,1985,12875000
TEXAS,1986,63212500
TEXAS,1987,111102500
TEXAS,1988,65760000
TEXAS,1989,52305000
TEXAS,1990,123411280
TEXAS,1991,39109840
TEXAS,1992,446588500
TEXAS,1993,411986350
TEXAS,1994,470673200
TEXAS,1995,604196150
TEXAS,1996,350715570
TEXAS,1997,342328420
TEXAS,1998,1089591530
TEXAS,1999,44320000
TEXAS,2000,295969400
TEXAS,2001,481937799
TEXAS,2002,282388530
TEXAS,2003,245059470
TEXAS,2004,281605500
TEXAS,2005,1078369750
TEXAS,2006,577453600
TEXAS,2007,536713700
TEXAS,2008,5222067700
TEXAS,2009,781227850
TEXAS,2010,257440000
TEXAS,2011,1399229000
TEXAS,2012,2235932710
TEXAS,2013,1410698000
TEXAS,2014,1026154650
TEXAS,2015,1142740069
TEXAS,2016,2249540800
TEXAS,2017,6276434600
TEXAS,2018,338081250
TEXAS,2019,1542756900
TEXAS,2020,1673321250
TEXAS,2021,1336435170
TEXAS,2022,1419573200
TEXAS,2023,2185356800
UTAH,1953,0
UTAH,1954,25000
UTAH,1955,2500
UTAH,1956,0
UTAH,1957,25000
UTAH,1958,0
UTAH,1959,0
UTAH,1960,0
UTAH,1961,2500
UTAH,1962,0
UTAH,1963,0
UTAH,1964,2500
UTAH,1965,30000
UTAH,1966,25000
UTAH,1967,25000
UTAH,1968,252500
UTAH,1969,0
UTAH,1970,250
UTAH,1971,0
UTAH,1972,0
UTAH,1973,0
UTAH,1975,0
UTAH,1976,0
UTAH,1977,0
UTAH,1978,0
UTAH,1979,0
UTAH,1980,0
UTAH,1981,30
UTAH,1982,25030
UTAH,1983,0
UTAH,1984,370
UTAH,1985,0
UTAH,1986,120
UTAH,1987,2560
UTAH,1988,2500
UTAH,1989,55060
UTAH,1990,25250
UTAH,1991,2750
UTAH,1992,2500
UTAH,1993,662150
UTAH,1994,57600500
UTAH,1995,17500
UTAH,1996,10027200
UTAH,1997,60649500
UTAH,1998,8369200
UTAH,1999,50000
UTAH,2000,3947500
UTAH,2001,5845500
UTAH,2002,10719000
UTAH,2003,6327000
UTAH,2004,2248100
UTAH,2005,279000
UTAH,2006,17990000
UTAH,2007,3706000
UTAH,2008,791200
UTAH,2009,843500
UTAH,2010,35887000
UTAH,2011,98291000
UTAH,2012,27244000
UTAH,2013,5766200
UTAH,2014,7085000
UTAH,2015,2774000
UTAH,2016,13490500
UTAH,2017,25675000
UTAH,2018,55025000
UTAH,2019,293000
UTAH,2020,13990000
UTAH,2021,24803200
UTAH,2022,36764250
UTAH,2023,24821250
VERMONT,1953,2500
VERMONT,1955,50000
VERMONT,1956,0
VERMONT,1957,252500
VERMONT,1958,0
VERMONT,1959,0
VERMONT,1960,27500
VERMONT,1961,30000
VERMONT,1962,102500
VERMONT,1963,2500
VERMONT,1964,0
VERMONT,1965,25000
VERMONT,1966,25000
VERMONT,1967,0
VERMONT,1968,0
VERMONT,1969,25000
VERMONT,1970,25000
VERMONT,1971,0
VERMONT,1972,50000
VERMONT,1973,250000
VERMONT,1974,0
VERMONT,1975,0
VERMONT,1976,0
VERMONT,1977,0
VERMONT,1978,0
VERMONT,1979,0
VERMONT,1980,0
VERMONT,1981,0
VERMONT,1982,25000
VERMONT,1983,2500000
VERMONT,1984,0
VERMONT,1985,0
VERMONT,1986,250
VERMONT,1987,25000
VERMONT,1988,252500
VERMONT,1989,2500
VERMONT,1990,0
VERMONT,1991,0
VERMONT,1992,0
VERMONT,1993,1887000
VERMONT,1994,907500
VERMONT,1995,699000
VERMONT,1996,8093000
VERMONT,1997,17324000
VERMONT,1998,31029000
VERMONT,1999,1786000
VERMONT,2000,5849000
VERMONT,2001,4041000
VERMONT,2002,1959000
VERMONT,2003,2794000
VERMONT,2004,4228000
VERMONT,2005,4347000
VERMONT,2006,3222000
VERMONT,2007,19248500
VERMONT,2008,9854000
VERMONT,2009,2105000
VERMONT,2010,10177000
VERMONT,2011,1352138000
VERMONT,2012,3815500
VERMONT,2013,13455500
VERMONT,2014,7250000
VERMONT,2015,3553500
VERMONT,2016,3936000
VERMONT,2017,14531000
VERMONT,2018,5329000
VERMONT,2019,9242000
VERMONT,2020,1910000
VERMONT,2021,7786000
VERMONT,2022,5583000
VERMONT,2023,22308000
VIRGIN ISLANDS,1997,520000
VIRGIN ISLANDS,1998,1880000
VIRGIN ISLANDS,1999,20000
VIRGIN ISLANDS,2000,210000
VIRGIN ISLANDS,2001,317000
VIRGIN ISLANDS,2002,15000
VIRGIN ISLANDS,2003,1950000
VIRGIN ISLANDS,2004,6200000
VIRGIN ISLANDS,2005,0
VIRGIN ISLANDS,2006,2000
VIRGIN ISLANDS,2007,30500
VIRGIN ISLANDS,2008,1000
VIRGIN ISLANDS,2009,25000
VIRGIN ISLANDS,2010,1430500
VIRGIN ISLANDS,2011,7300
VIRGIN ISLANDS,2012,0
VIRGIN ISLANDS,2013,22600
VIRGIN ISLANDS,2014,0
VIRGIN ISLANDS,2015,0
VIRGIN ISLANDS,2016,0
VIRGIN ISLANDS,2017,500000
VIRGIN ISLANDS,2018,0
VIRGIN ISLANDS,2019,0
VIRGIN ISLANDS,2020,0
VIRGIN ISLANDS,2021,0
VIRGIN ISLANDS,2022,400
VIRGIN ISLANDS,2023,1000
VIRGINIA,1951,282500
VIRGINIA,1952,300000
VIRGINIA,1953,60000
VIRGINIA,1954,35000
VIRGINIA,1955,2500
VIRGINIA,1956,302500
VIRGINIA,1957,302500
VIRGINIA,1958,250000
VIRGINIA,1959,907500
VIRGINIA,1960,100250
VIRGINIA,1961,28000
VIRGINIA,1962,555500
VIRGINIA,1963,25000
VIRGINIA,1964,252500
VIRGINIA,1965,277500
VIRGINIA,1966,327750
VIRGINIA,1967,75000
VIRGINIA,1968,250030
VIRGINIA,1969,577750
VIRGINIA,1970,280000
VIRGINIA,1971,2750000
VIRGINIA,1972,50000
VIRGINIA,1973,25027530
VIRGINIA,1974,6030280
VIRGINIA,1975,807750
VIRGINIA,1976,335000
VIRGINIA,1977,750000
VIRGINIA,1978,802500
VIRGINIA,1979,6327500
VIRGINIA,1980,2802500
VIRGINIA,1981,575000
VIRGINIA,1982,30
VIRGINIA,1983,7030030
VIRGINIA,1984,33000000
VIRGINIA,1985,500250
VIRGINIA,1986,3525000
VIRGINIA,1987,5005000
VIRGINIA,1988,3250000
VIRGINIA,1989,3500000
VIRGINIA,1990,15805250
VIRGINIA,1991,50000
VIRGINIA,1992,77500
VIRGINIA,1993,79855000
VIRGINIA,1994,57069200
VIRGINIA,1995,6240800
VIRGINIA,1996,221954700
VIRGINIA,1997,23268600
VIRGINIA,1998,53697900
VIRGINIA,1999,181000
VIRGINIA,2000,10362900
VIRGINIA,2001,26830300
VIRGINIA,2002,45922700
VIRGINIA,2003,676894650
VIRGINIA,2004,103773000
VIRGINIA,2005,3905000
VIRGINIA,2006,126580700
VIRGINIA,2007,5927850
VIRGINIA,2008,53717960
VIRGINIA,2009,55443250
VIRGINIA,2010,17333600
VIRGINIA,2011,67736500
VIRGINIA,2012,53827050
VIRGINIA,2013,7510250
VIRGINIA,2014,7384700
VIRGINIA,2015,19018400
VIRGINIA,2016,94466600
VIRGINIA,2017,13796600
VIRGINIA,2018,93634598
VIRGINIA,2019,7145200
VIRGINIA,2020,41292760
VIRGINIA,2021,15394000
VIRGINIA,2022,69543150
VIRGINIA,2023,53765400
WASHINGTON,1954,25000
WASHINGTON,1955,0
WASHINGTON,1956,0
WASHINGTON,1957,2780
WASHINGTON,1958,25030
WASHINGTON,1961,0
WASHINGTON,1962,250000
WASHINGTON,1963,0
WASHINGTON,1964,30
WASHINGTON,1965,50000
WASHINGTON,1966,2500
WASHINGTON,1967,0
WASHINGTON,1968,0
WASHINGTON,1969,250000
WASHINGTON,1970,25000
WASHINGTON,1971,75000
WASHINGTON,1972,25300000
WASHINGTON,1973,0
WASHINGTON,1974,0
WASHINGTON,1975,0
WASHINGTON,1976,0
WASHINGTON,1978,27500
WASHINGTON,1979,0
WASHINGTON,1980,250000
WASHINGTON,1981,250
WASHINGTON,1982,25030
WASHINGTON,1983,75030
WASHINGTON,1984,50000
WASHINGTON,1985,25000
WASHINGTON,1986,30
WASHINGTON,1987,2500
WASHINGTON,1988,0
WASHINGTON,1989,2500
WASHINGTON,1990,25000
WASHINGTON,1991,25000
WASHINGTON,1992,0
WASHINGTON,1993,500000
WASHINGTON,1994,60000
WASHINGTON,1995,10050000
WASHINGTON,1996,63907500
WASHINGTON,1997,25881300
WASHINGTON,1998,22222000
WASHINGTON,1999,2706000
WASHINGTON,2000,11206500
WASHINGTON,2001,7603000
WASHINGTON,2002,14510500
WASHINGTON,2003,41291000
WASHINGTON,2004,6398600
WASHINGTON,2005,2047000
WASHINGTON,2006,171661100
WASHINGTON,2007,197279500
WASHINGTON,2008,31778500
WASHINGTON,2009,123933000
WASHINGTON,2010,10996000
WASHINGTON,2011,18817000
WASHINGTON,2012,27319750
WASHINGTON,2013,12839030
WASHINGTON,2014,328164500
WASHINGTON,2015,28941510
WASHINGTON,2016,8431700
WASHINGTON,2017,82468000
WASHINGTON,2018,141834760
WASHINGTON,2019,4928400
WASHINGTON,2020,1340280000
WASHINGTON,2021,85144100
WASHINGTON,2022,359309300
WASHINGTON,2023,190087100
WEST VIRGINIA,1950,0
WEST VIRGINIA,1951,0
WEST VIRGINIA,1954,0
WEST VIRGINIA,1955,0
WEST VIRGINIA,1956,250000
WEST VIRGINIA,1957,250000
WEST VIRGINIA,1958,0
WEST VIRGINIA,1959,25000
WEST VIRGINIA,1960,0
WEST VIRGINIA,1961,250000
WEST VIRGINIA,1962,250000
WEST VIRGINIA,1963,250000
WEST VIRGINIA,1964,25000
WEST VIRGINIA,1965,280000
WEST VIRGINIA,1966,2750
WEST VIRGINIA,1967,327500
WEST VIRGINIA,1968,30
WEST VIRGINIA,1969,30000
WEST VIRGINIA,1970,2527500
WEST VIRGINIA,1971,25000
WEST VIRGINIA,1972,2500
WEST VIRGINIA,1973,0
WEST VIRGINIA,1974,12502500
WEST VIRGINIA,1975,100030
WEST VIRGINIA,1976,250000
WEST VIRGINIA,1977,250000
WEST VIRGINIA,1978,275030
WEST VIRGINIA,1979,255030
WEST VIRGINIA,1980,5075500
WEST VIRGINIA,1981,500000
WEST VIRGINIA,1982,500000
WEST VIRGINIA,1983,0
WEST VIRGINIA,1984,0
WEST VIRGINIA,1985,0
WEST VIRGINIA,1986,500000
WEST VIRGINIA,1987,0
WEST VIRGINIA,1988,0
WEST VIRGINIA,1989,250000
WEST VIRGINIA,1990,552500
WEST VIRGINIA,1991,2500
WEST VIRGINIA,1992,0
WEST VIRGINIA,1993,1546000
WEST VIRGINIA,1994,2881000
WEST VIRGINIA,1995,923000
WEST VIRGINIA,1996,101616700
WEST VIRGINIA,1997,20489000
WEST VIRGINIA,1998,71941000
WEST VIRGINIA,1999,203000
WEST VIRGINIA,2000,13281400
WEST VIRGINIA,2001,213101000
WEST VIRGINIA,2002,94355100
WEST VIRGINIA,2003,86306000
WEST VIRGINIA,2004,141125000
WEST VIRGINIA,2005,13180000
WEST VIRGINIA,2006,13913800
WEST VIRGINIA,2007,4352000
WEST VIRGINIA,2008,9652500
WEST VIRGINIA,2009,51205150
WEST VIRGINIA,2010,27856100
WEST VIRGINIA,2011,7657200
WEST VIRGINIA,2012,102529950
WEST VIRGINIA,2013,9586250
WEST VIRGINIA,2014,10330200
WEST VIRGINIA,2015,20726000
WEST VIRGINIA,2016,172536500
WEST VIRGINIA,2017,6880600
WEST VIRGINIA,2018,6733000
WEST VIRGINIA,2019,8281100
WEST VIRGINIA,2020,5615500
WEST VIRGINIA,2021,3964560
WEST VIRGINIA,2022,23928900
WEST VIRGINIA,2023,8348800
WISCONSIN,1950,825000
WISCONSIN,1951,1300000
WISCONSIN,1952,2500000
WISCONSIN,1953,20025000
WISCONSIN,1954,610000
WISCONSIN,1955,1077500
WISCONSIN,1956,5752500
WISCONSIN,1957,1155000
WISCONSIN,1958,84105310
WISCONSIN,1959,3965280
WISCONSIN,1960,85250
WISCONSIN,1961,360000
WISCONSIN,1962,152500
WISCONSIN,1963,1302500
WISCONSIN,1964,10992500
WISCONSIN,1965,11030000
WISCONSIN,1966,7777500
WISCONSIN,1967,6057500
WISCONSIN,1968,6480000
WISCONSIN,1969,13260000
WISCONSIN,1970,5757500
WISCONSIN,1971,4062500
WISCONSIN,1972,2282500
WISCONSIN,1973,1530000
WISCONSIN,1974,15837500
WISCONSIN,1975,110000
WISCONSIN,1976,667500
WISCONSIN,1977,48330000
WISCONSIN,1978,2750000
WISCONSIN,1979,7905500
WISCONSIN,1980,19767780
WISCONSIN,1981,27030000
WISCONSIN,1982,12105000
WISCONSIN,1983,2183610
WISCONSIN,1984,89157500
WISCONSIN,1985,89527750
WISCONSIN,1986,4752750
WISCONSIN,1987,6527500
WISCONSIN,1988,6367750
WISCONSIN,1989,2150000
WISCONSIN,1990,10825000
WISCONSIN,1991,8550250
WISCONSIN,1992,55175500
WISCONSIN,1993,1880500
WISCONSIN,1994,26944000
WISCONSIN,1995,3621700
WISCONSIN,1996,102730200
WISCONSIN,1997,108091400
WISCONSIN,1998,174805900
WISCONSIN,1999,977000
WISCONSIN,2000,183323249
WISCONSIN,2001,89913249
WISCONSIN,2002,60002600
WISCONSIN,2003,2325900
WISCONSIN,2004,91817300
WISCONSIN,2005,84572150
WISCONSIN,2006,713841350
WISCONSIN,2007,210333400
WISCONSIN,2008,435228560
WISCONSIN,2009,37469500
WISCONSIN,2010,105959239
WISCONSIN,2011,105821900
WISCONSIN,2012,32690400
WISCONSIN,2013,47620600
WISCONSIN,2014,51074500
WISCONSIN,2015,8732600
WISCONSIN,2016,37284799
WISCONSIN,2017,82841100
WISCONSIN,2018,181952659
WISCONSIN,2019,20713600
WISCONSIN,2020,79278250
WISCONSIN,2021,11186200
WISCONSIN,2022,11360500
WISCONSIN,2023,8783110
WYOMING,1950,90
WYOMING,1952,30
WYOMING,1953,7500
WYOMING,1954,27500
WYOMING,1955,2560
WYOMING,1956,25030
WYOMING,1957,90
WYOMING,1958,75270
WYOMING,1959,55000
WYOMING,1960,52750
WYOMING,1961,50250
WYOMING,1962,142780
WYOMING,1963,27500
WYOMING,1964,125000
WYOMING,1965,302750
WYOMING,1966,50280
WYOMING,1967,78000
WYOMING,1968,37780
WYOMING,1969,275280
WYOMING,1970,0
WYOMING,1971,10000
WYOMING,1972,250
WYOMING,1973,25000
WYOMING,1974,62590
WYOMING,1975,27590
WYOMING,1976,555800
WYOMING,1977,3270
WYOMING,1978,1325000
WYOMING,1979,27552530
WYOMING,1980,275500
WYOMING,1981,0
WYOMING,1982,303300
WYOMING,1983,25090
WYOMING,1984,2880250
WYOMING,1985,32500
WYOMING,1986,550250
WYOMING,1987,2775000
WYOMING,1988,2502500
WYOMING,1989,27500
WYOMING,1990,12750
WYOMING,1991,775000
WYOMING,1992,0
WYOMING,1993,1050000
WYOMING,1994,171000
WYOMING,1995,290800
WYOMING,1996,11997300
WYOMING,1997,5537400
WYOMING,1998,1928500
WYOMING,1999,168000
WYOMING,2000,2582000
WYOMING,2001,1870000
WYOMING,2002,31437500
WYOMING,2003,17362000
WYOMING,2004,1425000
WYOMING,2005,6363200
WYOMING,2006,2769900
WYOMING,2007,2647600
WYOMING,2008,868000
WYOMING,2009,9369000
WYOMING,2010,61258400
WYOMING,2011,5572000
WYOMING,2012,5113000
WYOMING,2013,18609000
WYOMING,2014,2199000
WYOMING,2015,10352000
WYOMING,2016,3104200
WYOMING,2017,2999000
WYOMING,2018,10196000
WYOMING,2019,1329500
WYOMING,2020,27000
WYOMING,2021,2959000
WYOMING,2022,25165380
WYOMING,2023,6746250
